Id,DistrictId,Rooms,Square,LifeSquare,KitchenSquare,Floor,HouseFloor,HouseYear,Ecology_1,Ecology_2,Ecology_3,Social_1,Social_2,Social_3,Healthcare_1,Helthcare_2,Shops_1,Shops_2
15115,114,2.0,43.87411374260457,27.24881159189423,6.0,10,12.0,1967,0.327018035,B,B,12,2270,23,2500.0,1,0,B
4816,89,2.0,58.69490814155216,37.92669749860402,7.0,4,8.0,1963,0.151346216,B,A,32,5889,10,830.0,4,1,B
5037,57,1.0,43.65228799732215,23.673360537108827,8.0,2,14.0,2003,0.133215333,B,B,49,11395,3,1406.0,3,4,A
8885,9,2.0,39.594201899786405,25.09839501890793,5.0,5,5.0,1977,0.136244425,B,B,11,2370,0,,0,1,B
5777,19,1.0,41.08796654050919,21.541109877625733,7.0,4,17.0,2004,0.309479124,B,B,35,7715,4,990.0,0,6,B
9101,124,1.0,31.813360216676827,21.86835875403738,5.0,5,5.0,1961,0.16909109,B,B,19,3856,10,,2,5,B
5855,13,3.0,63.29018685123396,47.49428440286018,6.0,8,12.0,1973,0.090799103,B,B,74,19083,2,,5,15,B
5567,53,2.0,46.64851750231363,29.934411104951447,5.0,5,9.0,1973,0.313924552,B,B,22,4625,11,3855.0,2,10,B
6208,90,1.0,44.827681736643534,20.377861178948454,10.0,10,24.0,2010,0.246031548,B,A,22,3151,4,2715.0,3,3,B
7394,148,3.0,79.67085654838417,48.503318502740136,6.0,18,33.0,2015,0.313924552,B,B,22,4625,11,3855.0,2,10,B
1580,4,3.0,66.88700413597114,39.40710929174745,5.0,3,5.0,1930,0.042031587,B,B,37,6856,84,1940.0,2,5,B
3879,143,2.0,52.733950312148544,34.71890116429108,8.0,13,16.0,1984,0.049863387,B,B,18,3746,9,75.0,3,1,B
1210,156,2.0,61.26185113436299,35.55749544272813,12.0,12,17.0,2010,0.007658515,B,B,35,7077,56,2301.0,3,19,B
4385,46,2.0,58.87737157486303,31.59340051277945,8.0,13,16.0,1981,0.0,B,B,47,11319,0,1145.0,3,5,B
3258,1,2.0,61.36273478271861,,1.0,4,22.0,1977,0.007122317,B,B,1,264,0,,0,1,B
11286,1,2.0,62.16728312575921,,0.0,11,22.0,1977,0.007122317,B,B,1,264,0,,0,1,B
1588,34,3.0,83.39982784722473,45.49308652179234,9.0,4,22.0,1996,0.069753361,B,B,53,13670,4,,1,11,B
12749,21,2.0,49.01197643712825,27.98019469201397,5.0,6,5.0,1969,0.194489265,B,B,47,8004,3,125.0,3,5,B
1352,161,2.0,44.53759922228132,32.77947494030346,5.0,6,5.0,1966,0.195781053,B,B,23,5212,6,,3,2,B
7048,75,1.0,32.818082647218496,19.213318712173,5.0,3,14.0,1965,0.122090347,B,B,29,6566,7,1894.0,4,0,B
11402,57,1.0,33.755512483623235,21.753506251987616,5.0,4,5.0,1960,0.133215333,B,B,49,11395,3,1406.0,3,4,A
14736,49,1.0,41.554643261544506,18.860671234380245,8.0,5,15.0,2011,0.020741326,B,B,24,5613,5,1340.0,2,5,B
6113,17,1.0,37.91469999836486,20.534669989357653,8.0,17,24.0,1988,0.0,B,B,18,3374,5,620.0,1,2,B
2812,120,2.0,81.48850118088006,,1.0,13,17.0,1977,0.341071945,B,B,27,5664,48,2300.0,3,11,B
12588,108,3.0,76.53132804062339,53.93333647094448,9.0,7,8.0,1958,0.0,B,B,23,3684,2,,0,4,B
14115,28,2.0,46.706172915930175,30.99601396174773,5.0,6,5.0,1960,0.118537385,B,B,30,6207,1,1183.0,1,0,B
16315,52,3.0,80.57458408613198,48.891056287845046,10.0,19,17.0,1988,0.371148999,B,B,34,7065,1,750.0,2,5,B
12396,8,2.0,45.98079102044342,29.68037449062745,5.0,5,9.0,1970,0.43788524,B,B,23,5735,3,1084.0,0,5,B
9242,22,2.0,58.266099039085645,,1.0,12,17.0,1977,0.118537385,B,B,30,6207,1,1183.0,1,0,B
16730,99,3.0,62.56608122373083,41.58604575681378,8.0,3,9.0,1975,0.012338886,B,B,35,5776,1,2078.0,2,4,B
11965,67,2.0,46.76858227283441,33.24520439374607,5.0,9,9.0,1980,0.100455735,B,B,43,7227,0,,1,6,A
162,8,1.0,40.109638589309306,18.660004137151176,9.0,14,15.0,1977,0.092290642,B,B,21,4346,2,165.0,1,2,B
8015,27,1.0,66.0990958257489,33.639610651444656,62.0,3,7.0,2016,0.01405792,B,B,1,290,0,,0,0,B
7532,9,2.0,47.91777171886911,30.918685354524595,8.0,4,14.0,2010,0.13012277,B,B,8,1986,0,,0,0,B
398,98,2.0,57.82014436375555,32.8307299370997,10.0,4,16.0,1980,0.195781053,B,B,23,5212,6,,3,2,B
6068,57,2.0,55.62042545175433,32.64952237937902,8.0,9,16.0,1980,0.133215333,B,B,49,11395,3,1406.0,3,4,A
1859,6,2.0,64.35032819675892,61.03381767971413,10.0,8,17.0,2016,0.243204519,B,B,5,1564,0,540.0,0,0,B
12751,1,1.0,40.97560560816847,43.48939357463949,8.0,14,14.0,1990,0.025609157,B,B,33,5261,0,240.0,3,1,B
13075,101,3.0,77.34014534492799,53.38421356538922,10.0,5,5.0,1959,0.225824954,A,B,41,6558,7,1548.0,3,2,B
1616,30,1.0,42.89863448132304,44.623533723236285,1.0,4,17.0,1977,7.81528e-05,B,B,22,6398,141,1046.0,3,23,B
9911,115,1.0,39.592075945759184,23.64859343504583,9.0,11,12.0,1971,1.8e-09,B,B,16,3681,73,1815.0,2,5,B
13459,1,1.0,40.0929429686836,,1.0,6,17.0,1977,0.007122317,B,B,1,264,0,,0,1,B
6257,62,1.0,43.83591910863056,,0.0,9,0.0,1977,0.072157581,B,B,2,629,1,,0,0,A
303,95,1.0,31.31466816681641,21.20780187517953,6.0,6,8.0,1961,0.341071945,B,B,27,5664,48,2300.0,3,11,B
12316,183,5.0,157.97610124554296,101.04048496167265,12.0,7,8.0,1908,0.246623602,B,B,14,2940,45,,3,6,B
12736,9,3.0,89.2439640308897,45.99828585634443,10.0,16,22.0,1987,0.136244425,B,B,11,2370,0,,0,1,B
11748,52,2.0,66.18194571344175,34.92026440597743,12.0,10,17.0,2006,0.371148999,B,B,34,7065,1,750.0,2,5,B
8350,93,2.0,49.43858303593925,33.12365430845393,9.0,5,12.0,1977,0.050900058,B,B,43,10621,1,30.0,2,3,B
14180,60,1.0,37.357989544334266,17.785678488988694,7.0,7,7.0,2000,0.007658515,B,B,35,7077,56,2301.0,3,19,B
9158,27,1.0,32.38584024360763,33.030973675405725,1.0,2,15.0,2015,0.211401214,B,B,9,1892,0,,0,1,B
3022,83,1.0,42.70103167477756,19.38302869738532,7.0,16,17.0,2000,0.0077202819999999,B,B,38,4788,2,,0,4,B
8453,23,1.0,27.839145352008995,29.79901734206164,0.0,6,6.0,2018,0.034656082,B,B,0,168,0,,0,0,B
1320,23,2.0,54.350504892039226,57.37699040666648,1.0,4,3.0,1977,0.005767451,B,B,1,388,0,,0,0,B
12025,45,1.0,39.35389753557517,,1.0,17,1.0,1977,0.195781053,B,B,23,5212,6,,3,2,B
11088,62,2.0,77.85024726892874,,0.0,12,0.0,1977,0.072157581,B,B,2,629,1,,0,0,A
7848,1,2.0,63.82016625789128,,0.0,3,22.0,1977,0.007122317,B,B,1,264,0,,0,1,B
5464,93,2.0,70.48011132680861,68.61411012153626,12.0,9,17.0,2016,0.050900058,B,B,43,10621,1,30.0,2,3,B
8180,11,3.0,67.13391138538887,50.80979717351564,6.0,5,9.0,1973,0.0001696759999999,B,B,36,5992,0,,1,1,B
3821,53,1.0,30.96612456567489,19.73219578065021,6.0,1,5.0,1961,0.049637257,B,B,34,7759,0,229.0,1,3,B
11968,120,3.0,77.25630780858694,48.96858282285993,10.0,6,12.0,2006,0.0006991189999999,B,B,14,3369,24,4129.0,0,3,B
2859,62,1.0,45.89551833261908,1.4573654104596891,1.0,10,15.0,2018,0.072157581,B,B,2,629,1,,0,0,A
10488,23,3.0,80.56389072445232,,1.0,19,25.0,1977,0.075778755,B,B,6,1437,3,,0,2,B
4567,44,1.0,36.8476300590569,19.094182475639247,5.0,5,9.0,1970,0.036122292,B,B,24,4378,0,1036.0,1,1,B
16152,41,2.0,56.32867275105532,34.23357427403737,8.0,3,16.0,1977,0.036122292,B,B,24,4378,0,1036.0,1,1,B
5133,61,2.0,53.583178988151424,33.64767109879137,8.0,7,12.0,1977,0.300322518,B,B,52,10311,6,,1,9,B
3334,120,1.0,33.50706978317867,22.23001890664497,5.0,2,9.0,1972,0.341071945,B,B,27,5664,48,2300.0,3,11,B
6160,31,2.0,44.7276568549029,30.314237983973552,5.0,5,9.0,1974,0.151346216,B,A,32,5889,10,830.0,4,1,B
4391,27,2.0,40.0254905290089,43.603072484157465,10.0,8,12.0,2016,0.072157581,B,B,2,629,1,,0,0,A
3198,47,1.0,35.71402869506629,22.638513886402112,6.0,6,9.0,1978,6.99893e-05,B,B,46,10309,1,240.0,1,16,B
2260,105,1.0,37.91085152474015,22.81594345129993,6.0,9,9.0,1974,0.069660344,B,B,31,6119,4,,1,2,B
4535,138,1.0,38.739778474816106,21.274676732844373,7.0,11,17.0,2002,0.1363303,B,B,30,6141,10,262.0,3,6,B
2600,1,3.0,76.88518041611354,44.43330979690482,10.0,9,17.0,1994,0.025609157,B,B,33,5261,0,240.0,3,1,B
14887,58,2.0,53.391766462917566,33.13546564653793,9.0,14,14.0,2008,0.050755569,B,B,24,5469,1,145.0,0,1,B
2343,119,1.0,35.64458288090695,22.99131673208244,5.0,7,9.0,1964,0.000995363,B,B,42,7651,1,,1,5,B
4499,99,2.0,56.39647501836508,29.173768485531543,11.0,1,16.0,1997,0.012338886,B,B,35,5776,1,2078.0,2,4,B
11384,6,3.0,77.06377276635772,70.31303414128256,1.0,5,17.0,2016,0.243204519,B,B,5,1564,0,540.0,0,0,B
14438,61,2.0,57.460213321077525,33.412023557023105,10.0,16,17.0,1985,0.300322518,B,B,52,10311,6,,1,9,B
1613,3,2.0,61.290380030671976,64.09672908751561,11.0,3,16.0,2003,0.050900058,B,B,43,10621,1,30.0,2,3,B
6579,23,2.0,46.055741062053,26.936678336120032,5.0,1,2.0,1975,0.034656082,B,B,0,168,0,,0,0,B
8558,1,1.0,46.51797657382706,46.89152135890333,10.0,24,24.0,2017,0.007122317,B,B,1,264,0,,0,1,B
3284,93,1.0,40.727082419058334,24.11235097238164,8.0,4,12.0,1984,0.050900058,B,B,43,10621,1,30.0,2,3,B
13358,67,3.0,77.70572790087279,44.60335906039185,10.0,13,16.0,1979,0.0077202819999999,B,B,38,4788,2,,0,4,B
3721,37,1.0,44.45644115136354,21.70965058409684,8.0,10,14.0,1997,0.127811589,B,B,28,7287,5,320.0,1,3,B
6524,30,2.0,67.6926820649881,67.67809797936907,1.0,10,17.0,1977,7.81528e-05,B,B,22,6398,141,1046.0,3,23,B
14303,33,1.0,41.4385422224581,23.9424938812742,9.0,8,14.0,1971,0.050272014,B,B,21,4231,14,1020.0,0,3,B
16629,151,1.0,32.11344868416979,22.077257160114712,6.0,8,9.0,1976,0.236108458,B,B,16,3893,27,,3,10,B
10435,67,2.0,52.1193655125217,33.24378032009347,6.0,8,12.0,1979,0.100455735,B,B,43,7227,0,,1,6,A
11962,59,1.0,45.57308066621864,45.490972650885226,0.0,11,11.0,2015,0.019508796,B,B,37,7687,11,176.0,5,5,B
16677,91,1.0,36.98230459075872,24.01693853817417,5.0,7,9.0,1970,0.000995363,B,B,42,7651,1,,1,5,B
8151,8,3.0,62.69182082435152,45.44902799349871,5.0,4,5.0,1970,0.43788524,B,B,23,5735,3,1084.0,0,5,B
10816,51,3.0,97.88933216939984,58.64056425285965,12.0,4,5.0,1929,0.015016892,B,B,17,3079,59,2890.0,0,8,B
9416,46,2.0,39.82239250941871,24.76019042637932,7.0,7,9.0,1966,0.188783766,B,B,31,6137,4,,0,1,B
2372,94,2.0,49.33256475106596,29.09364337441785,9.0,2,9.0,1973,0.127375905,B,B,43,8429,3,,3,9,B
14265,29,1.0,33.7344385379959,17.472584575794908,5.0,3,5.0,1968,0.069660344,B,B,31,6119,4,,1,2,B
13225,88,1.0,43.72039389751112,,0.0,18,0.0,1977,0.127375905,B,B,43,8429,3,,3,9,B
503,26,3.0,46.82428631251123,35.39142480995873,4.0,5,5.0,1963,0.0,B,B,36,6714,2,2672.0,0,2,B
12184,1,2.0,66.82814720114739,66.51556795276943,1.0,13,17.0,1977,0.007122317,B,B,1,264,0,,0,1,B
10464,22,2.0,41.81740187372816,24.50311264467215,5.0,6,9.0,1972,0.118537385,B,B,30,6207,1,1183.0,1,0,B
12137,124,3.0,94.23797846010334,52.34820344294866,12.0,12,21.0,2005,0.122090347,B,B,29,6566,7,1894.0,4,0,B
9884,29,1.0,17.273699182726347,16.452172164491667,2.0,3,5.0,1962,0.069660344,B,B,31,6119,4,,1,2,B
6331,157,2.0,53.570865114447386,36.70597346329551,8.0,3,8.0,1961,0.0,B,B,30,7538,87,4702.0,5,5,B
9214,41,3.0,64.03553229634291,43.44466553890496,8.0,7,9.0,1978,6.99893e-05,B,B,46,10309,1,240.0,1,16,B
5018,27,2.0,65.81218754096736,33.852297606893195,11.0,5,18.0,2016,0.072157581,B,B,2,629,1,,0,0,A
12748,38,1.0,47.705575627852326,46.05649155827263,10.0,25,25.0,2017,0.060753049,B,B,15,2787,2,520.0,0,7,B
13631,6,2.0,53.0362479813554,,1.0,14,17.0,1977,0.243204519,B,B,5,1564,0,540.0,0,0,B
13403,29,3.0,75.16640100804352,46.15495131259904,9.0,16,14.0,2000,0.086885265,B,B,10,2277,2,1547.0,0,0,B
4,4,1.0,37.29466861528707,17.165597339001152,8.0,9,9.0,1970,0.327018035,B,B,12,2270,23,2500.0,1,0,B
7769,124,4.0,189.6795763834105,114.7086732256983,4.0,19,40.0,2013,0.174739084,B,B,17,3379,9,100.0,0,3,B
14535,62,3.0,64.19588605946585,46.74645843223715,6.0,8,9.0,1972,0.002211665,B,B,39,7614,3,,1,5,A
3006,66,2.0,48.32314250593068,30.51139717636145,5.0,7,9.0,1971,0.111627393,B,B,50,12238,8,1970.0,2,3,B
3103,1,3.0,81.68036945315265,,0.0,6,17.0,1977,0.007122317,B,B,1,264,0,,0,1,B
15709,48,3.0,86.48993470329461,86.16502319357315,1.0,24,1.0,2015,0.041124634,B,B,46,9515,5,,1,10,B
13819,46,1.0,30.94516744710193,13.434489510466545,6.0,5,9.0,1968,0.188783766,B,B,31,6137,4,,0,1,B
8718,6,2.0,64.24151723102922,33.37158667212116,12.0,6,17.0,1977,0.243204519,B,B,5,1564,0,540.0,0,0,B
13525,46,1.0,32.537038311989264,11.070513256260249,5.0,3,9.0,1970,0.0,B,B,47,11319,0,1145.0,3,5,B
6148,88,1.0,41.1515782548306,23.193879498354093,8.0,6,12.0,1978,0.127375905,B,B,43,8429,3,,3,9,B
4301,44,2.0,60.68246576789922,37.55960236019028,10.0,16,22.0,2014,0.232205084,B,B,24,4860,1,80.0,0,3,B
10978,1,2.0,64.35944435742464,,1.0,8,17.0,1977,0.007122317,B,B,1,264,0,,0,1,B
16085,44,1.0,38.862075559132094,23.45930942486473,6.0,9,9.0,1981,0.036122292,B,B,24,4378,0,1036.0,1,1,B
8006,113,1.0,35.37590253077519,22.787446286938486,9.0,15,14.0,1971,0.050755569,B,B,24,5469,1,145.0,0,1,B
2650,3,1.0,40.56920149635955,23.129704969926426,8.0,4,12.0,1984,0.050900058,B,B,43,10621,1,30.0,2,3,B
16215,96,1.0,40.706905508562215,21.012513018503675,7.0,13,17.0,1996,0.041116354,B,B,53,14892,4,,1,4,B
3691,6,2.0,66.67457077605533,3.7230314790522496,1.0,2,17.0,2016,0.243204519,B,B,5,1564,0,540.0,0,0,B
10842,6,1.0,38.63728613062735,,1.0,17,17.0,1977,0.243204519,B,B,5,1564,0,540.0,0,0,B
10702,100,1.0,34.77799263131417,20.789409410796186,9.0,3,12.0,1970,0.200146802,B,B,23,3975,8,770.0,2,0,B
2421,148,2.0,54.06569450368186,34.45649259611906,8.0,12,17.0,1986,0.313924552,B,B,22,4625,11,3855.0,2,10,B
14114,138,2.0,49.20656626332695,32.83257397662646,6.0,5,9.0,1976,0.1363303,B,B,30,6141,10,262.0,3,6,B
14780,144,2.0,68.07955919996544,35.14832232351565,11.0,4,17.0,2004,0.306977489,B,B,27,5148,14,1575.0,5,7,B
90,51,3.0,75.40175367063244,52.9875244464296,4.0,2,6.0,1931,0.015016892,B,B,17,3079,59,2890.0,0,8,B
15046,129,2.0,58.1988100583595,29.06373897309013,12.0,13,16.0,1980,0.051942062,B,B,17,4017,7,800.0,2,0,B
7134,30,2.0,64.22692249579332,,1.0,16,17.0,1977,7.81528e-05,B,B,22,6398,141,1046.0,3,23,B
6610,6,2.0,61.92550656131602,,0.0,2,17.0,1977,0.243204519,B,B,5,1564,0,540.0,0,0,B
8956,28,2.0,41.52703436743553,27.006878919666296,5.0,3,12.0,1976,0.118537385,B,B,30,6207,1,1183.0,1,0,B
8909,120,3.0,76.35613869996493,49.56210325134571,8.0,5,8.0,1960,0.341071945,B,B,27,5664,48,2300.0,3,11,B
7188,59,1.0,44.3016133524626,,1.0,16,17.0,1977,0.019508796,B,B,37,7687,11,176.0,5,5,B
2790,3,2.0,79.51024617457831,41.19045541037004,13.0,5,15.0,2013,0.050900058,B,B,43,10621,1,30.0,2,3,B
10552,10,2.0,53.28378809851461,32.472275334318226,8.0,18,17.0,1989,0.089039719,B,B,33,7976,5,,0,11,B
7373,83,3.0,63.63513961375336,39.24199726453405,8.0,2,9.0,1977,0.100455735,B,B,43,7227,0,,1,6,A
1245,26,1.0,85.45017473248195,82.91130502915647,1.0,8,20.0,2012,0.0,B,B,36,6714,2,2672.0,0,2,B
13851,37,2.0,55.26865275717001,57.7895316932312,10.0,16,17.0,2015,0.178916796,B,B,18,3594,4,192.0,1,5,B
10782,18,1.0,43.899196544135286,20.97551042498305,8.0,9,14.0,1985,0.0,B,B,30,5562,0,,0,5,A
12886,6,1.0,37.57881096670422,,0.0,13,17.0,1977,0.243204519,B,B,5,1564,0,540.0,0,0,B
9683,113,3.0,66.26716052104592,40.32470121470561,8.0,9,9.0,1974,0.050755569,B,B,24,5469,1,145.0,0,1,B
4771,47,2.0,65.79987999989855,35.212754683059046,10.0,9,24.0,2009,0.101872465,B,B,23,4583,3,,3,3,B
12898,11,1.0,33.35089186623317,20.31937194820121,5.0,7,5.0,1965,0.225824954,A,B,41,6558,7,1548.0,3,2,B
6445,192,3.0,63.118448260727455,44.97807245512867,8.0,4,8.0,1961,0.225824954,A,B,41,6558,7,1548.0,3,2,B
12459,96,2.0,56.33742135110491,36.416342492387344,9.0,7,12.0,2002,0.041116354,B,B,53,14892,4,,1,4,B
9493,1,2.0,66.2871115020751,,0.0,4,0.0,1977,0.007122317,B,B,1,264,0,,0,1,B
3696,46,2.0,44.285160148367225,24.124580481348925,5.0,13,12.0,1975,0.188783766,B,B,31,6137,4,,0,1,B
9991,27,3.0,78.03231040061465,,1.0,9,12.0,1977,0.072157581,B,B,2,629,1,,0,0,A
1156,12,3.0,78.05515938083218,45.90856071526697,10.0,12,16.0,1984,0.090799103,B,B,74,19083,2,,5,15,B
16482,95,1.0,43.54258277775217,,1.0,20,17.0,1977,0.0,B,B,7,1660,39,1786.0,1,5,B
6849,33,3.0,95.36272463496312,,0.0,16,17.0,1977,0.236108458,B,B,16,3893,27,,3,10,B
2825,8,2.0,62.64316081071747,33.442774413492735,10.0,13,22.0,2005,0.43788524,B,B,23,5735,3,1084.0,0,5,B
7788,5,1.0,36.75250636108544,22.149367752722178,9.0,8,9.0,1984,0.150817539,B,B,16,3433,4,2643.0,4,5,B
2131,169,2.0,44.9593044244778,29.0507070138421,6.0,6,9.0,1972,0.178916796,B,B,18,3594,4,192.0,1,5,B
876,55,1.0,38.47734324565155,22.510626753619174,8.0,11,17.0,1989,0.041365446,B,B,31,5569,0,,1,4,B
3964,37,1.0,38.48854856674393,21.975677830992574,8.0,18,17.0,1989,0.178916796,B,B,18,3594,4,192.0,1,5,B
255,73,2.0,45.65805970608304,23.04903799095737,6.0,8,14.0,1976,0.042031587,B,B,37,6856,84,1940.0,2,5,B
11376,75,1.0,41.42450603526496,19.919534270664226,8.0,13,17.0,2000,0.122090347,B,B,29,6566,7,1894.0,4,0,B
2163,9,3.0,75.43417765765577,42.48023647854807,9.0,22,22.0,1987,0.136244425,B,B,11,2370,0,,0,1,B
3319,48,2.0,50.62700649726228,48.79007897495828,6.0,12,12.0,1981,0.041124634,B,B,46,9515,5,,1,10,B
6190,111,1.0,34.12631851503142,33.13859382078357,5.0,5,5.0,1969,0.135649789,B,B,46,7960,6,350.0,3,11,B
3382,3,2.0,47.193251589009726,28.03635554949861,6.0,5,5.0,1968,0.050900058,B,B,43,10621,1,30.0,2,3,B
6209,9,2.0,43.86079994680626,29.22862523799203,5.0,3,5.0,1971,0.161531741,B,B,25,5648,1,30.0,2,4,B
11208,61,2.0,48.83780425548026,30.087498639902428,6.0,6,9.0,1975,0.300322518,B,B,52,10311,6,,1,9,B
1095,27,2.0,57.60356358302562,58.67384886246442,1.0,7,12.0,2017,0.011654127,B,B,4,915,0,,0,0,B
14793,27,1.0,47.29597811479785,45.00004689948912,10.0,6,5.0,2017,0.072157581,B,B,2,629,1,,0,0,A
10979,62,2.0,73.18062145426948,72.30984659763331,1.0,13,11.0,1977,0.072157581,B,B,2,629,1,,0,0,A
1474,74,1.0,48.03187756107896,,0.0,7,0.0,1977,0.075778755,B,B,6,1437,3,,0,2,B
10514,18,2.0,53.936918815232296,30.97388560318595,8.0,11,14.0,1986,0.0,B,B,30,5562,0,,0,5,A
13321,101,2.0,49.387965864877394,33.240340058033304,6.0,7,5.0,1965,0.225824954,A,B,41,6558,7,1548.0,3,2,B
5974,124,3.0,72.26502604053701,44.4778111597738,9.0,9,14.0,1988,0.122090347,B,B,29,6566,7,1894.0,4,0,B
3077,27,1.0,37.53558298559148,,1.0,2,19.0,2014,0.211401214,B,B,9,1892,0,,0,1,B
1139,6,2.0,63.5173347059491,,1.0,25,25.0,2017,0.243204519,B,B,5,1564,0,540.0,0,0,B
15634,53,2.0,51.76466671542158,30.214645628848533,6.0,2,9.0,1973,0.049637257,B,B,34,7759,0,229.0,1,3,B
10033,167,1.0,35.677794131006095,20.883123478274268,9.0,10,12.0,1970,0.051942062,B,B,17,4017,7,800.0,2,0,B
9212,121,3.0,67.35340643632648,47.10108548543403,7.0,12,12.0,1976,0.212515361,B,B,19,3293,16,628.0,3,7,B
11068,11,3.0,84.73759016013099,46.36080258728897,10.0,16,14.0,2000,0.0001696759999999,B,B,36,5992,0,,1,1,B
10769,6,1.0,45.707637307709945,,1.0,4,25.0,2017,0.243204519,B,B,5,1564,0,540.0,0,0,B
11539,26,2.0,49.52896355463472,30.51241100466033,6.0,12,12.0,1977,0.0,B,B,36,6714,2,2672.0,0,2,B
15149,7,2.0,53.57423643720745,27.713771357573066,7.0,6,5.0,1954,0.130617806,B,B,39,10418,9,900.0,1,9,B
7255,45,1.0,43.11166755414224,39.7377967275228,0.0,13,12.0,2016,0.195781053,B,B,23,5212,6,,3,2,B
947,74,2.0,66.79384142526611,36.75044300718617,12.0,10,23.0,2008,0.371148999,B,B,34,7065,1,750.0,2,5,B
13420,27,2.0,66.2686434987951,39.26450110491086,8.0,5,3.0,2017,0.01405792,B,B,1,290,0,,0,0,B
11477,30,1.0,42.40820003516843,,1.0,9,17.0,1977,7.81528e-05,B,B,22,6398,141,1046.0,3,23,B
12167,1,2.0,55.764082113469954,56.36711409567005,1.0,16,17.0,1977,0.007122317,B,B,1,264,0,,0,1,B
14544,87,1.0,43.26418923612332,19.75932522273568,8.0,16,17.0,1987,0.100455735,B,B,43,7227,0,,1,6,A
2824,66,3.0,51.30906827141424,35.792192403845355,5.0,3,9.0,1977,0.111627393,B,B,50,12238,8,1970.0,2,3,B
13416,27,1.0,35.54463363125278,33.03433558652774,1.0,11,1.0,1977,0.072157581,B,B,2,629,1,,0,0,A
10601,62,2.0,43.93073517715511,26.37791031278286,5.0,2,5.0,1967,0.386771659,B,B,5,1135,0,,0,0,A
8834,81,1.0,36.848987281363954,23.48992992631429,10.0,5,12.0,1970,0.006076152,B,B,30,5285,0,645.0,6,6,B
615,90,1.0,40.59683289423657,21.24519725288977,8.0,14,15.0,1976,0.265088676,B,B,37,5288,0,1937.0,3,2,B
3375,9,2.0,61.79563588516488,,1.0,4,1.0,1977,0.161531741,B,B,25,5648,1,30.0,2,4,B
5608,52,2.0,64.26868872512564,65.3086427714118,1.0,8,17.0,1977,0.371148999,B,B,34,7065,1,750.0,2,5,B
12738,188,2.0,59.416987283868586,35.579565584365895,8.0,25,25.0,1994,0.0,B,B,7,1660,39,1786.0,1,5,B
11143,7,2.0,43.92019171835752,26.5787616455314,7.0,12,12.0,1965,0.035145267,B,B,42,9292,3,2620.0,0,3,B
13209,26,2.0,45.80217285017226,30.49987092903475,5.0,3,5.0,1968,0.0,B,B,36,6714,2,2672.0,0,2,B
14341,27,2.0,115.5531294404458,118.35525437960762,12.0,5,6.0,1977,0.07542368,B,B,11,3097,0,,0,0,B
5048,94,2.0,61.0295581026808,33.83375273569052,12.0,12,14.0,2003,0.521867054,B,B,25,6149,0,,0,0,B
12735,99,2.0,54.48433771439975,52.49794185753584,9.0,3,12.0,1976,0.033493708,B,B,66,10573,1,1322.0,3,8,B
14107,6,1.0,38.51611525893773,,0.0,9,17.0,1977,0.243204519,B,B,5,1564,0,540.0,0,0,B
15231,6,2.0,58.04727935600923,61.15701422914432,0.0,6,17.0,1977,0.243204519,B,B,5,1564,0,540.0,0,0,B
13566,141,3.0,67.09662526343965,47.496636301009005,7.0,1,5.0,1953,0.0006991189999999,B,B,14,3369,24,4129.0,0,3,B
7455,36,2.0,38.24668870871138,26.731413504952048,7.0,6,9.0,1965,0.08761909,B,B,8,1497,5,,1,0,B
14595,6,3.0,80.69971269269756,,1.0,10,17.0,1977,0.243204519,B,B,5,1564,0,540.0,0,0,B
7939,30,1.0,47.54280638871768,,1.0,9,20.0,2015,7.81528e-05,B,B,22,6398,141,1046.0,3,23,B
8841,27,1.0,35.6703784588783,,1.0,4,15.0,1977,0.011654127,B,B,4,915,0,,0,0,B
3847,79,2.0,54.68223899723799,30.20298365772833,11.0,7,16.0,1976,0.307466659,B,A,30,5048,9,325.0,2,5,B
15546,44,1.0,37.79326669905629,19.93889338482564,7.0,14,17.0,2008,0.232205084,B,B,24,4860,1,80.0,0,3,B
5262,30,2.0,76.60753831867471,2.820279428401639,1.0,5,1.0,1977,7.81528e-05,B,B,22,6398,141,1046.0,3,23,B
5692,170,3.0,74.82247001109343,48.856426386815855,10.0,4,17.0,1989,0.21843974,B,B,21,4472,6,1450.0,4,7,A
385,3,3.0,75.19373725677427,44.131271984687565,8.0,7,14.0,1995,0.265088676,B,B,37,5288,0,1937.0,3,2,B
12144,128,1.0,39.40216930841053,21.149389319690872,8.0,9,14.0,1991,0.0,B,B,27,4798,0,30.0,2,8,B
4529,101,1.0,39.14986638842559,19.1894195685826,8.0,11,17.0,1988,0.225824954,A,B,41,6558,7,1548.0,3,2,B
134,12,2.0,55.40477695488126,30.48129671169313,8.0,15,14.0,1991,0.090799103,B,B,74,19083,2,,5,15,B
9946,85,2.0,56.38532396302772,35.52689645077102,9.0,3,16.0,1979,0.037177818,B,B,52,11217,1,2300.0,1,7,B
3958,38,2.0,76.72522422455049,42.963186917821744,1.0,15,15.0,2016,0.060753049,B,B,15,2787,2,520.0,0,7,B
2113,27,3.0,90.30335475410564,53.74245930104111,10.0,22,22.0,2007,0.041116354,B,B,53,14892,4,,1,4,B
1590,27,3.0,79.94568973050725,,1.0,14,17.0,1977,0.011654127,B,B,4,915,0,,0,0,B
11509,23,1.0,41.84121953760976,,0.0,26,25.0,1977,0.075778755,B,B,6,1437,3,,0,2,B
7371,27,2.0,62.8270114526808,59.63789391426993,10.0,10,10.0,2013,0.011654127,B,B,4,915,0,,0,0,B
3214,1,1.0,42.00672251324847,41.11711742689751,10.0,3,9.0,2017,0.007122317,B,B,1,264,0,,0,1,B
14559,48,1.0,40.456474710113966,22.219132618421863,8.0,11,17.0,1997,0.041124634,B,B,46,9515,5,,1,10,B
10672,42,3.0,81.42875762001425,48.61103342868251,8.0,7,9.0,2006,0.158249043,B,B,21,5731,0,,1,0,B
11086,21,2.0,42.70799497329023,29.035438476677943,5.0,9,8.0,1964,0.149666373,B,B,22,4789,2,4087.0,4,1,B
821,46,2.0,47.57343923240528,30.57739952226616,6.0,9,9.0,1971,0.0,B,B,47,11319,0,1145.0,3,5,B
15858,9,5.0,97.53781458586472,63.57199680170848,8.0,5,14.0,1995,0.136244425,B,B,11,2370,0,,0,1,B
11259,6,1.0,47.873731370491896,,1.0,12,25.0,1977,0.243204519,B,B,5,1564,0,540.0,0,0,B
13489,8,2.0,55.994646279670846,30.43115579386288,10.0,3,20.0,2008,0.458174486,B,A,26,4439,1,1130.0,1,5,B
9160,46,2.0,42.16997915808528,27.15774743241378,5.0,3,5.0,1966,0.188783766,B,B,31,6137,4,,0,1,B
11331,29,1.0,53.79681104495035,19.425507439261047,11.0,15,20.0,2012,0.069660344,B,B,31,6119,4,,1,2,B
2429,44,3.0,65.76224950166058,46.94310181084354,9.0,12,12.0,1967,0.232205084,B,B,24,4860,1,80.0,0,3,B
6058,61,3.0,60.20372849445286,43.622660553574,6.0,9,9.0,1977,0.300322518,B,B,52,10311,6,,1,9,B
9602,32,2.0,61.93505830937663,36.34872803024408,10.0,17,22.0,2010,0.135649789,B,B,46,7960,6,350.0,3,11,B
4722,104,4.0,81.55730568866873,81.6473778021562,11.0,10,10.0,1955,0.212515361,B,B,19,3293,16,628.0,3,7,B
3249,70,1.0,36.04589052068201,21.59877795600963,7.0,8,9.0,1974,0.002211665,B,B,39,7614,3,,1,5,A
13010,47,1.0,36.99710421494543,20.39821726072008,8.0,16,16.0,1980,0.101872465,B,B,23,4583,3,,3,3,B
7499,102,2.0,56.32151968268554,35.28136366971964,8.0,7,8.0,1956,0.23861713,B,B,26,3889,6,705.0,3,6,B
8165,62,3.0,139.1015233124246,,20.0,4,3.0,2015,0.072157581,B,B,2,629,1,,0,0,A
3885,74,2.0,78.96900311399234,,1.0,10,1.0,1977,0.075778755,B,B,6,1437,3,,0,2,B
11985,1,2.0,66.56207107935955,66.4415603132246,1.0,9,20.0,1977,0.007122317,B,B,1,264,0,,0,1,B
1731,23,2.0,54.59602783454718,31.225905869635525,10.0,4,3.0,2016,0.005767451,B,B,1,388,0,,0,0,B
7743,6,3.0,77.40637155066531,75.99495864522427,1.0,1,1.0,2014,0.243204519,B,B,5,1564,0,540.0,0,0,B
10515,1,3.0,66.37657107168168,42.905683080574256,8.0,8,14.0,1991,0.025609157,B,B,33,5261,0,240.0,3,1,B
13924,9,1.0,41.26247404924529,,1.0,2,1.0,1977,0.161531741,B,B,25,5648,1,30.0,2,4,B
10605,68,2.0,51.73471564830852,33.732871867194966,6.0,11,12.0,1969,0.0,B,B,33,7425,1,,2,5,B
8065,9,1.0,46.99659303712546,25.320497206595466,8.0,13,12.0,1978,0.13012277,B,B,8,1986,0,,0,0,B
1522,27,1.0,41.097757036421775,18.532148589130696,8.0,17,16.0,2013,0.017647053,B,B,2,469,0,,0,0,B
3934,57,2.0,46.765074375634384,32.82121274068997,5.0,3,5.0,1963,0.133215333,B,B,49,11395,3,1406.0,3,4,A
446,113,2.0,48.87462410861485,28.3513856321213,5.0,7,5.0,1966,0.060753049,B,B,15,2787,2,520.0,0,7,B
12055,74,2.0,61.44071615862152,62.13607787416767,1.0,10,12.0,2017,0.309479124,B,B,35,7715,4,990.0,0,6,B
4220,96,3.0,72.2771063144917,45.96875827731828,9.0,17,17.0,1997,0.041116354,B,B,53,14892,4,,1,4,B
1529,52,1.0,40.35607174342222,,1.0,14,17.0,1977,0.371148999,B,B,34,7065,1,750.0,2,5,B
12958,25,1.0,37.225984021907145,,1.0,25,25.0,1977,0.069753361,B,B,53,13670,4,,1,11,B
172,6,2.0,63.53702152878179,,1.0,9,25.0,1977,0.243204519,B,B,5,1564,0,540.0,0,0,B
6639,9,2.0,66.38613911569288,36.12459553770475,13.0,14,14.0,2008,0.161531741,B,B,25,5648,1,30.0,2,4,B
11895,30,2.0,65.77650282396219,,1.0,14,17.0,1977,7.81528e-05,B,B,22,6398,141,1046.0,3,23,B
6894,84,1.0,19.166821160129555,14.86517237568946,0.0,6,5.0,1965,0.149666373,B,B,22,4789,2,4087.0,4,1,B
7697,98,3.0,107.34229261327287,53.45225104395614,12.0,6,23.0,2006,0.195781053,B,B,23,5212,6,,3,2,B
555,7,4.0,74.9597581751952,74.03072342454782,6.0,5,16.0,1972,0.130617806,B,B,39,10418,9,900.0,1,9,B
14089,1,1.0,50.784439006628006,,1.0,14,24.0,1977,0.007122317,B,B,1,264,0,,0,1,B
16767,37,3.0,84.2320458083353,49.4728772457389,9.0,4,9.0,1975,0.127811589,B,B,28,7287,5,320.0,1,3,B
15301,107,2.0,39.77720097603597,25.89793944019036,5.0,4,9.0,1966,0.174739084,B,B,17,3379,9,100.0,0,3,B
15289,58,2.0,65.23318019605047,69.88778236415921,1.0,4,3.0,1977,0.43788524,B,B,23,5735,3,1084.0,0,5,B
5040,45,3.0,81.73904706914706,,1.0,12,1.0,1977,0.195781053,B,B,23,5212,6,,3,2,B
9403,78,1.0,37.47990798928021,22.92666716114237,7.0,3,14.0,1999,0.092290642,B,B,21,4346,2,165.0,1,2,B
9563,85,2.0,67.21484893833622,31.096261190293685,10.0,13,22.0,1990,0.037177818,B,B,52,11217,1,2300.0,1,7,B
459,115,2.0,49.22590275044492,28.227374643681745,5.0,7,14.0,1973,1.8e-09,B,B,16,3681,73,1815.0,2,5,B
2863,118,2.0,48.42291242257316,32.38563495534654,1.0,3,9.0,1980,0.341071945,B,B,27,5664,48,2300.0,3,11,B
4532,6,1.0,61.58662897805775,58.05748828101017,1.0,19,25.0,2015,0.243204519,B,B,5,1564,0,540.0,0,0,B
1917,102,3.0,67.96493359177495,49.797929941249,7.0,9,16.0,1989,0.23861713,B,B,26,3889,6,705.0,3,6,B
5905,62,1.0,49.83759525972453,,1.0,6,1.0,1977,0.072157581,B,B,2,629,1,,0,0,A
12401,6,3.0,79.50640578376672,44.54247189104824,12.0,18,17.0,2013,0.243204519,B,B,5,1564,0,540.0,0,0,B
430,46,1.0,38.38930714124699,23.51992066440484,7.0,15,21.0,1994,0.0,B,B,47,11319,0,1145.0,3,5,B
7902,9,1.0,43.48657073374064,,1.0,5,1.0,1977,0.161531741,B,B,25,5648,1,30.0,2,4,B
2158,27,2.0,65.64769300184166,60.727850739324296,1.0,8,17.0,2017,0.011654127,B,B,4,915,0,,0,0,B
5851,126,2.0,43.4418493192298,28.86930015011006,5.0,3,5.0,1965,0.333891544,B,B,30,6564,1,,0,0,B
914,1,2.0,64.13446724463208,65.60843683460689,1.0,16,17.0,1977,0.007122317,B,B,1,264,0,,0,1,B
13387,39,3.0,63.34118073071559,44.735961828570176,5.0,9,9.0,1974,0.428825818,B,B,25,5011,8,730.0,0,2,B
9862,88,1.0,36.173504946841405,20.03631568958179,8.0,11,9.0,1974,0.127375905,B,B,43,8429,3,,3,9,B
1023,87,3.0,66.81654429945685,41.06250851752099,8.0,5,14.0,1987,0.100455735,B,B,43,7227,0,,1,6,A
514,119,1.0,45.033640221405456,20.31315453147781,10.0,13,24.0,2007,0.000995363,B,B,42,7651,1,,1,5,B
10016,44,2.0,45.24285161400138,31.742719458332715,6.0,1,9.0,1976,0.122190486,B,B,25,4724,2,1308.0,1,3,B
15589,71,2.0,54.73818372647667,30.14730891826025,11.0,15,16.0,1983,0.407276235,A,B,9,1768,0,370.0,0,0,A
5240,27,3.0,89.2180617330808,,0.0,8,22.0,1977,0.051815435,B,B,5,1227,0,,0,0,B
3330,90,2.0,49.11334648031675,31.38352723309411,5.0,2,5.0,1970,0.265088676,B,B,37,5288,0,1937.0,3,2,B
16490,30,3.0,79.43143469050823,,1.0,6,1.0,1977,7.81528e-05,B,B,22,6398,141,1046.0,3,23,B
928,61,2.0,45.54518102738886,30.041336571121988,6.0,6,9.0,1977,0.300322518,B,B,52,10311,6,,1,9,B
926,21,1.0,35.23450776563746,19.026635381492337,5.0,6,5.0,1962,0.034331497,B,B,25,5487,3,,0,4,B
2238,53,1.0,40.445269304810864,22.45610071402421,9.0,11,14.0,1975,0.313924552,B,B,22,4625,11,3855.0,2,10,B
11469,26,1.0,36.0606921771731,22.822802003987487,5.0,3,5.0,1964,0.0,B,B,36,6714,2,2672.0,0,2,B
8622,23,1.0,40.29525080704799,,1.0,4,4.0,2017,0.034656082,B,B,0,168,0,,0,0,B
160,70,1.0,35.1465209872266,23.86211230003187,6.0,10,9.0,1976,0.002211665,B,B,39,7614,3,,1,5,A
14260,37,2.0,45.08029927620226,31.3639592896544,6.0,3,9.0,1974,0.127811589,B,B,28,7287,5,320.0,1,3,B
12001,2,3.0,80.85583154900019,50.10515129310386,10.0,4,5.0,1960,0.130617806,B,B,39,10418,9,900.0,1,9,B
11683,67,2.0,56.54042603853461,30.30046506265157,8.0,4,12.0,1976,0.100455735,B,B,43,7227,0,,1,6,A
2248,176,2.0,55.43949158213666,33.913863104540404,8.0,5,16.0,1986,0.08761909,B,B,8,1497,5,,1,0,B
10707,99,2.0,46.47378108552893,31.931702019735926,6.0,7,9.0,1971,0.033493708,B,B,66,10573,1,1322.0,3,8,B
1761,21,1.0,34.46598080533552,20.7475869872418,5.0,5,5.0,1962,0.034331497,B,B,25,5487,3,,0,4,B
6427,35,1.0,34.78264511693794,18.128566770165705,7.0,9,9.0,1971,0.089039719,B,B,33,7976,5,,0,11,B
4929,27,2.0,57.16621628827778,55.8861240689206,12.0,3,5.0,1977,0.07542368,B,B,11,3097,0,,0,0,B
1965,170,3.0,61.68213894646274,39.23364920606232,6.0,9,9.0,1970,0.21843974,B,B,21,4472,6,1450.0,4,7,A
6273,61,2.0,47.48969088138692,28.189122288726026,6.0,1,12.0,1981,0.300322518,B,B,52,10311,6,,1,9,B
9825,1,3.0,78.95747310077583,80.84999518168216,0.0,16,17.0,1977,0.007122317,B,B,1,264,0,,0,1,B
4304,31,3.0,79.1999006785866,52.59950397413879,9.0,5,5.0,1957,0.151346216,B,A,32,5889,10,830.0,4,1,B
8877,55,3.0,85.9993289356634,44.89264173611284,10.0,16,17.0,1989,0.041365446,B,B,31,5569,0,,1,4,B
5309,3,2.0,55.31909776785219,31.58049429766585,9.0,6,12.0,1974,0.050900058,B,B,43,10621,1,30.0,2,3,B
16750,74,2.0,51.15740339100298,48.62978589972374,0.0,5,3.0,2017,0.075778755,B,B,6,1437,3,,0,2,B
15313,76,1.0,37.58702793369136,15.039961283814428,7.0,3,9.0,1965,0.0,B,B,7,1660,39,1786.0,1,5,B
13103,8,2.0,67.28265780219178,35.2447612955446,12.0,6,16.0,2015,0.092290642,B,B,21,4346,2,165.0,1,2,B
721,29,1.0,39.24073097663606,21.31060259811018,6.0,5,5.0,1954,0.069660344,B,B,31,6119,4,,1,2,B
2147,71,1.0,40.419643083277386,23.67126165122221,8.0,3,14.0,1997,0.033493708,B,B,66,10573,1,1322.0,3,8,B
6367,113,3.0,76.9657116441348,47.70559044355444,10.0,11,17.0,1976,0.050755569,B,B,24,5469,1,145.0,0,1,B
2168,23,3.0,104.99227440760984,,1.0,23,25.0,1977,0.075778755,B,B,6,1437,3,,0,2,B
9972,35,2.0,48.75602723826065,33.10156162254325,6.0,9,9.0,1968,0.089039719,B,B,33,7976,5,,0,11,B
7251,5,3.0,67.56685140080488,47.50794413577214,9.0,9,14.0,1973,0.150817539,B,B,16,3433,4,2643.0,4,5,B
15870,44,2.0,54.30058654863748,33.52509646552473,8.0,2,14.0,1990,0.036122292,B,B,24,4378,0,1036.0,1,1,B
4642,148,1.0,36.77118745504711,19.947289420358807,7.0,2,12.0,1974,0.313924552,B,B,22,4625,11,3855.0,2,10,B
9409,8,1.0,33.77103192610992,21.58666277754625,6.0,6,9.0,1971,0.458174486,B,A,26,4439,1,1130.0,1,5,B
11837,9,3.0,83.2654497292242,,1.0,9,18.0,1977,0.161531741,B,B,25,5648,1,30.0,2,4,B
8673,27,1.0,47.058040732585056,,1.0,4,16.0,2015,0.072157581,B,B,2,629,1,,0,0,A
11879,37,2.0,64.32031012027858,57.15184225183925,10.0,14,25.0,2018,0.178916796,B,B,18,3594,4,192.0,1,5,B
6785,25,1.0,46.36038505647989,,1.0,20,1.0,2015,0.069753361,B,B,53,13670,4,,1,11,B
7990,161,3.0,78.68451988651363,47.87612552609425,10.0,18,17.0,1995,0.0006991189999999,B,B,14,3369,24,4129.0,0,3,B
16531,93,3.0,136.38939120926491,136.68919128618822,0.0,1,1.0,1977,0.004949358,B,B,0,186,0,,0,0,B
12717,56,2.0,48.85211455499908,30.114412127526432,6.0,6,12.0,1971,0.035145267,B,B,42,9292,3,2620.0,0,3,B
1723,30,2.0,56.4924554674657,,1.0,1,4.0,1977,7.81528e-05,B,B,22,6398,141,1046.0,3,23,B
7031,6,1.0,37.23972150562901,41.385675977757366,0.0,16,0.0,1977,0.243204519,B,B,5,1564,0,540.0,0,0,B
1346,27,3.0,87.19056472457856,85.62139656060491,11.0,7,0.0,1977,0.072157581,B,B,2,629,1,,0,0,A
16138,38,3.0,93.6981221682798,94.52146490100743,10.0,21,27.0,2018,0.060753049,B,B,15,2787,2,520.0,0,7,B
16789,128,2.0,56.85609336931938,30.515712245388013,8.0,9,14.0,1998,0.041116354,B,B,53,14892,4,,1,4,B
13618,23,2.0,53.1267397766088,,1.0,3,3.0,1977,0.005767451,B,B,1,388,0,,0,0,B
16645,54,2.0,78.01379924664572,76.68194721885853,1.0,9,1.0,2014,0.006076152,B,B,30,5285,0,645.0,6,6,B
5132,6,1.0,39.35238606819616,,1.0,12,1.0,1977,0.243204519,B,B,5,1564,0,540.0,0,0,B
12708,3,1.0,36.027518157274315,22.967618225187287,7.0,11,12.0,1975,0.050900058,B,B,43,10621,1,30.0,2,3,B
1890,42,1.0,41.99188404861415,24.850066270280248,8.0,6,9.0,2006,0.158249043,B,B,21,5731,0,,1,0,B
14806,58,2.0,70.89480810743805,2.8194152018474337,1.0,7,1.0,1977,0.43788524,B,B,23,5735,3,1084.0,0,5,B
3555,93,2.0,58.24019529818271,33.757580221080296,9.0,13,24.0,2014,0.050900058,B,B,43,10621,1,30.0,2,3,B
2115,62,2.0,74.84267846408036,,0.0,16,0.0,1977,0.072157581,B,B,2,629,1,,0,0,A
11500,54,3.0,119.32063060724892,118.66721021762872,1.0,8,7.0,2015,0.006076152,B,B,30,5285,0,645.0,6,6,B
2569,6,1.0,40.69563140466281,,0.0,17,17.0,1977,0.243204519,B,B,5,1564,0,540.0,0,0,B
11732,1,1.0,46.59728313118976,,1.0,17,24.0,1977,0.007122317,B,B,1,264,0,,0,1,B
4048,26,1.0,83.78632923735773,36.61505212250033,14.0,16,30.0,2011,0.0,B,B,36,6714,2,2672.0,0,2,B
3308,30,1.0,39.21252608315883,,1.0,15,15.0,2018,7.81528e-05,B,B,22,6398,141,1046.0,3,23,B
16551,29,2.0,42.6950943039484,22.75673395068146,7.0,8,9.0,1968,0.069660344,B,B,31,6119,4,,1,2,B
2144,180,3.0,79.55452459458918,55.08029497403938,7.0,4,4.0,1958,0.037316452,B,B,32,6748,93,562.0,4,10,B
2903,25,3.0,97.35372732075814,,1.0,23,24.0,1977,0.069753361,B,B,53,13670,4,,1,11,B
4229,110,1.0,41.92652687540213,24.40499919796227,10.0,14,18.0,1996,0.033493708,B,B,66,10573,1,1322.0,3,8,B
7390,156,2.0,52.81887681410856,34.616208430601624,9.0,12,17.0,2008,0.007658515,B,B,35,7077,56,2301.0,3,19,B
13944,99,2.0,48.876471556015794,31.489087158652204,6.0,4,9.0,1976,0.033493708,B,B,66,10573,1,1322.0,3,8,B
14935,30,1.0,49.38730567178187,,1.0,14,17.0,1977,7.81528e-05,B,B,22,6398,141,1046.0,3,23,B
1730,9,1.0,43.52120305928807,45.3108695228277,1.0,5,18.0,1977,0.161531741,B,B,25,5648,1,30.0,2,4,B
9326,2,3.0,67.48336609957838,50.00576503120798,7.0,17,16.0,1993,0.309479124,B,B,35,7715,4,990.0,0,6,B
1050,23,1.0,56.63252099239515,52.16635271013268,0.0,4,0.0,1977,0.075778755,B,B,6,1437,3,,0,2,B
13013,78,1.0,40.11558620314575,22.172470685671936,9.0,14,17.0,2013,0.092290642,B,B,21,4346,2,165.0,1,2,B
959,147,3.0,85.50478935232744,56.02054251324586,8.0,12,11.0,1960,0.319809354,B,B,25,4756,16,2857.0,5,8,B
16079,11,4.0,70.4699405505211,44.73090601596763,6.0,6,9.0,1970,0.0001696759999999,B,B,36,5992,0,,1,1,B
7064,41,4.0,68.87073067414137,47.88058427156124,6.0,2,9.0,1976,0.036122292,B,B,24,4378,0,1036.0,1,1,B
14523,1,2.0,65.4833576768554,,1.0,17,20.0,1977,0.007122317,B,B,1,264,0,,0,1,B
2452,86,1.0,36.91668454287291,21.385127571564823,8.0,3,4.0,1962,0.161975568,B,A,31,7010,5,4508.0,3,7,B
4940,67,2.0,51.1355123332172,35.94833229924701,9.0,11,12.0,1977,0.100455735,B,B,43,7227,0,,1,6,A
1129,83,3.0,78.16075421670783,48.9452006002049,10.0,12,17.0,1986,0.0077202819999999,B,B,38,4788,2,,0,4,B
8354,62,2.0,62.5937866412943,59.78684445263104,10.0,1,16.0,1981,0.002211665,B,B,39,7614,3,,1,5,A
68,42,2.0,67.07601253142803,32.00953479501489,11.0,16,24.0,2007,0.158249043,B,B,21,5731,0,,1,0,B
8010,45,1.0,39.21998013253014,,0.0,22,0.0,1977,0.195781053,B,B,23,5212,6,,3,2,B
12788,26,1.0,32.30064182816375,32.17945656294755,5.0,7,5.0,1962,0.0,B,B,36,6714,2,2672.0,0,2,B
6466,52,1.0,41.64080813687673,,1.0,15,17.0,1977,0.371148999,B,B,34,7065,1,750.0,2,5,B
8560,37,2.0,57.97907378040711,,10.0,7,20.0,2020,0.178916796,B,B,18,3594,4,192.0,1,5,B
14019,27,2.0,78.71874479987338,,1.0,6,1.0,1977,0.072157581,B,B,2,629,1,,0,0,A
1858,100,1.0,29.58575823133833,16.761099968482206,5.0,3,8.0,1959,0.200146802,B,B,23,3975,8,770.0,2,0,B
1261,45,2.0,40.50241481369879,24.3079804082572,5.0,1,12.0,1965,0.014423114,B,B,19,3806,4,,0,3,B
1054,42,4.0,96.82315118483191,64.06519789804841,11.0,5,12.0,2006,0.158249043,B,B,21,5731,0,,1,0,B
15664,47,2.0,73.04660921472451,51.9408419817037,9.0,22,22.0,2007,0.101872465,B,B,23,4583,3,,3,3,B
12873,44,1.0,40.51356833860889,18.106263366461835,9.0,16,26.0,2007,0.232205084,B,B,24,4860,1,80.0,0,3,B
5615,6,2.0,57.66271738856253,36.87998289514661,9.0,7,9.0,2013,0.243204519,B,B,5,1564,0,540.0,0,0,B
15057,178,2.0,55.08731987921566,33.57933695799419,7.0,4,5.0,1956,0.212515361,B,B,19,3293,16,628.0,3,7,B
15064,26,1.0,35.277543211451984,21.589414540882483,5.0,3,5.0,1967,0.0,B,B,36,6714,2,2672.0,0,2,B
14593,27,2.0,62.25699264533561,,0.0,2,17.0,1977,0.011654127,B,B,4,915,0,,0,0,B
2359,53,2.0,60.73449830521805,42.793560850180576,10.0,17,24.0,2020,0.049637257,B,B,34,7759,0,229.0,1,3,B
56,8,2.0,65.81016592669467,36.66376811484208,12.0,4,17.0,2006,0.092290642,B,B,21,4346,2,165.0,1,2,B
15248,2,3.0,99.00970911385905,58.47001645351887,12.0,15,16.0,1991,0.035145267,B,B,42,9292,3,2620.0,0,3,B
1907,23,1.0,42.09387762284546,38.88585707994032,1.0,4,4.0,2014,0.034656082,B,B,0,168,0,,0,0,B
14823,27,1.0,38.12496278590432,37.360788855206586,1.0,23,25.0,2015,0.072157581,B,B,2,629,1,,0,0,A
10262,27,2.0,69.19644016928157,,0.0,10,0.0,1977,0.017647053,B,B,2,469,0,,0,0,B
10299,6,2.0,65.76006806091783,,1.0,10,17.0,2015,0.243204519,B,B,5,1564,0,540.0,0,0,B
281,46,2.0,48.216438310547545,32.20618508022063,6.0,7,9.0,1971,0.0,B,B,47,11319,0,1145.0,3,5,B
6624,27,1.0,42.41379292852747,42.43488662634184,10.0,12,17.0,2017,0.011654127,B,B,4,915,0,,0,0,B
4976,52,2.0,45.87749808411965,30.578283348672443,5.0,9,9.0,1982,0.371148999,B,B,34,7065,1,750.0,2,5,B
14296,27,2.0,62.1420496427643,,1.0,8,17.0,1977,0.072157581,B,B,2,629,1,,0,0,A
1110,62,1.0,42.167966021879465,,1.0,9,17.0,1977,0.072157581,B,B,2,629,1,,0,0,A
12112,27,3.0,83.4746666936134,3.5366729098750014,1.0,2,17.0,2017,0.072157581,B,B,2,629,1,,0,0,A
6071,84,2.0,47.3913990667911,34.36565149423574,6.0,3,5.0,1962,0.149666373,B,B,22,4789,2,4087.0,4,1,B
10335,27,1.0,29.66689546137525,18.00869389029555,6.0,5,5.0,1979,0.07542368,B,B,11,3097,0,,0,0,B
2122,6,1.0,40.88120881819028,,1.0,15,1.0,1977,0.243204519,B,B,5,1564,0,540.0,0,0,B
11482,8,2.0,47.78468689733569,29.63045607112053,6.0,2,9.0,1982,0.219006007,B,B,28,6746,3,,1,4,B
11593,6,1.0,41.4685227245276,39.270827749538,1.0,5,17.0,2016,0.243204519,B,B,5,1564,0,540.0,0,0,B
15780,29,2.0,39.30487715687144,23.84721954763169,7.0,10,9.0,1967,0.069660344,B,B,31,6119,4,,1,2,B
4799,4,2.0,67.31385382276201,38.39385873477155,10.0,8,9.0,1963,0.327018035,B,B,12,2270,23,2500.0,1,0,B
4176,0,2.0,42.96746158847596,29.40784130754601,5.0,5,5.0,1962,0.319809354,B,B,25,4756,16,2857.0,5,8,B
9484,8,2.0,47.99687247107247,29.968061351153747,5.0,11,12.0,1968,0.43788524,B,B,23,5735,3,1084.0,0,5,B
3352,113,1.0,78.24039417529103,75.5955757782687,0.0,5,12.0,2017,0.050755569,B,B,24,5469,1,145.0,0,1,B
2471,2,2.0,48.172968708932885,29.9242044182394,6.0,4,9.0,1974,0.0,B,B,33,7425,1,,2,5,B
11228,6,1.0,79.09204793622216,5.7986639628099725,1.0,3,1.0,1977,0.243204519,B,B,5,1564,0,540.0,0,0,B
7295,1,2.0,62.76890540941108,61.244800401711295,0.0,10,22.0,1977,0.007122317,B,B,1,264,0,,0,1,B
4256,53,1.0,41.42639923761112,19.35909745175071,8.0,15,16.0,1981,0.049637257,B,B,34,7759,0,229.0,1,3,B
1711,1,2.0,65.93223417201695,66.30371474941171,1.0,14,22.0,1977,0.007122317,B,B,1,264,0,,0,1,B
13563,180,2.0,61.5800839225731,39.647901682300414,6.0,10,16.0,1974,0.037316452,B,B,32,6748,93,562.0,4,10,B
14869,27,3.0,46.69936040168936,,0.0,23,25.0,1977,0.072157581,B,B,2,629,1,,0,0,A
998,103,1.0,42.33803196694316,20.922626767601365,8.0,6,14.0,2001,0.151346216,B,A,32,5889,10,830.0,4,1,B
1476,12,1.0,41.83742401125364,21.046614333888645,8.0,14,16.0,1981,0.090799103,B,B,74,19083,2,,5,15,B
13258,94,1.0,32.81533648860806,22.544629273571537,6.0,6,9.0,1972,0.282797669,B,B,33,8667,2,,0,6,B
11100,18,1.0,51.73750759592284,30.524222511095232,1.0,2,1.0,1977,0.0,B,B,30,5562,0,,0,5,A
11660,86,3.0,87.37217663976958,55.5133163275889,8.0,5,8.0,1957,0.161975568,B,A,31,7010,5,4508.0,3,7,B
6886,155,1.0,33.07777294208548,17.98219482650871,7.0,7,12.0,1972,0.042307271,B,B,17,2810,9,4849.0,3,6,B
14448,74,2.0,71.2579450064489,,1.0,5,17.0,1977,0.075778755,B,B,6,1437,3,,0,2,B
6559,156,2.0,41.254053658023054,25.173372773289262,6.0,3,12.0,1966,0.007658515,B,B,35,7077,56,2301.0,3,19,B
5873,52,2.0,52.76871775000173,,0.0,13,17.0,1977,0.371148999,B,B,34,7065,1,750.0,2,5,B
4669,27,1.0,85.23154022644158,5.144774701033423,1.0,3,1.0,1977,0.017647053,B,B,2,469,0,,0,0,B
6045,28,2.0,45.21785906144059,26.754449040347986,5.0,9,9.0,1970,0.118537385,B,B,30,6207,1,1183.0,1,0,B
4247,35,1.0,36.707589817208905,19.419572167171868,6.0,13,12.0,1973,0.089039719,B,B,33,7976,5,,0,11,B
14074,62,2.0,49.46631619613606,33.57166717979121,6.0,2,9.0,1976,0.002211665,B,B,39,7614,3,,1,5,A
11393,27,2.0,57.635228337567256,31.439755542164672,10.0,13,16.0,2005,0.07542368,B,B,11,3097,0,,0,0,B
841,27,1.0,56.667831977242,23.594230205475803,12.0,4,9.0,1999,0.017647053,B,B,2,469,0,,0,0,B
9232,78,2.0,55.10106855485424,32.97352923541845,10.0,14,17.0,2002,0.092290642,B,B,21,4346,2,165.0,1,2,B
4820,22,1.0,42.35996399073461,,1.0,7,17.0,1977,0.118537385,B,B,30,6207,1,1183.0,1,0,B
14669,75,1.0,28.76735283810825,16.443666056432008,5.0,4,9.0,1979,0.307466659,B,A,30,5048,9,325.0,2,5,B
4259,58,2.0,61.41106823159557,34.50331099199222,10.0,1,16.0,1984,0.43788524,B,B,23,5735,3,1084.0,0,5,B
14493,55,2.0,62.01539575327692,36.71857097759533,10.0,9,17.0,1997,0.041365446,B,B,31,5569,0,,1,4,B
7386,21,1.0,42.95187913113054,22.91574323231957,8.0,12,14.0,1992,0.194489265,B,B,47,8004,3,125.0,3,5,B
6683,9,3.0,87.91666659104847,,1.0,5,1.0,1977,0.161531741,B,B,25,5648,1,30.0,2,4,B
9942,1,3.0,125.0705824836986,5.152488395714611,1.0,4,14.0,2015,0.007122317,B,B,1,264,0,,0,1,B
5102,103,3.0,52.30670258670207,35.36560211641908,6.0,6,5.0,1963,0.151346216,B,A,32,5889,10,830.0,4,1,B
12215,61,3.0,65.82849495054819,41.96699798437575,8.0,14,12.0,1984,0.300322518,B,B,52,10311,6,,1,9,B
1105,9,3.0,105.35105075828406,5.589868809746228,1.0,11,1.0,1977,0.161531741,B,B,25,5648,1,30.0,2,4,B
9851,25,1.0,36.09594407739888,20.39146147105411,6.0,7,5.0,1987,0.069753361,B,B,53,13670,4,,1,11,B
12113,160,2.0,47.99410631463466,29.109380075284054,5.0,8,9.0,1978,0.0,B,B,39,8647,0,810.0,0,5,B
15471,3,1.0,35.87615246760468,18.853164511623504,6.0,8,9.0,1974,0.050900058,B,B,43,10621,1,30.0,2,3,B
13659,109,4.0,100.16436432188688,66.52340540548944,10.0,8,18.0,1983,0.0,B,B,25,5027,4,46.0,1,1,B
13280,21,3.0,54.55015221777687,38.809645637029696,6.0,9,9.0,1976,0.034331497,B,B,25,5487,3,,0,4,B
4720,11,1.0,35.62432828179276,21.286495738789423,10.0,6,12.0,1975,0.012338886,B,B,35,5776,1,2078.0,2,4,B
1425,23,2.0,74.25258827355731,,0.0,3,0.0,1977,0.014072961,B,B,2,475,0,,0,0,B
14971,44,2.0,45.5967946108787,34.53290003653864,6.0,1,5.0,1963,0.036122292,B,B,24,4378,0,1036.0,1,1,B
15357,91,1.0,41.11348630656638,21.960906539205205,9.0,2,14.0,1972,0.333891544,B,B,30,6564,1,,0,0,B
16251,9,1.0,45.74226717354091,,1.0,18,18.0,2014,0.161531741,B,B,25,5648,1,30.0,2,4,B
9778,0,1.0,38.89431329167496,20.614874915976102,10.0,4,12.0,1974,0.006076152,B,B,30,5285,0,645.0,6,6,B
16545,25,2.0,62.331385264356506,,0.0,14,25.0,1977,0.069753361,B,B,53,13670,4,,1,11,B
8041,76,1.0,39.70596909266,19.4053337052889,9.0,8,12.0,1970,0.0,B,B,7,1660,39,1786.0,1,5,B
1221,9,3.0,78.09136236796522,47.42344907670157,10.0,3,14.0,1992,0.161531741,B,B,25,5648,1,30.0,2,4,B
16689,101,1.0,38.69628292673402,21.149374353693304,9.0,12,12.0,1970,0.038692987,B,B,28,6533,1,1015.0,2,5,B
12608,1,3.0,85.61318708970776,,1.0,13,6.0,1977,0.007122317,B,B,1,264,0,,0,1,B
6909,1,2.0,64.18365185808982,,1.0,15,24.0,1977,0.007122317,B,B,1,264,0,,0,1,B
950,53,2.0,49.14484175653554,33.662006262950385,5.0,13,12.0,1971,0.049637257,B,B,34,7759,0,229.0,1,3,B
2610,6,2.0,58.05739508599728,56.92226191867434,1.0,16,16.0,1977,0.243204519,B,B,5,1564,0,540.0,0,0,B
1910,41,2.0,46.607468340513286,28.5903093269278,5.0,6,9.0,1972,0.036122292,B,B,24,4378,0,1036.0,1,1,B
3862,1,2.0,64.9669857639587,65.6572491587659,0.0,8,17.0,1977,0.007122317,B,B,1,264,0,,0,1,B
12787,129,1.0,39.34314978631932,21.02378501374742,8.0,4,5.0,1961,0.020741326,B,B,24,5613,5,1340.0,2,5,B
16236,94,1.0,45.79468156462576,21.998838846981386,7.0,16,17.0,2001,0.521867054,B,B,25,6149,0,,0,0,B
4754,91,1.0,36.98344368452791,18.74100808238918,7.0,7,9.0,1969,0.333891544,B,B,30,6564,1,,0,0,B
4659,74,1.0,52.103243208960926,,0.0,8,0.0,1977,0.075778755,B,B,6,1437,3,,0,2,B
3422,52,2.0,93.73749747562552,41.714532038472974,15.0,8,25.0,2010,0.371148999,B,B,34,7065,1,750.0,2,5,B
2193,20,3.0,78.31526555154767,45.30293560620768,8.0,5,17.0,1994,0.019508796,B,B,37,7687,11,176.0,5,5,B
10010,58,3.0,89.86859836253548,87.4593218011169,0.0,9,0.0,1977,0.43788524,B,B,23,5735,3,1084.0,0,5,B
384,9,1.0,43.56772746219283,,1.0,14,1.0,1977,0.161531741,B,B,25,5648,1,30.0,2,4,B
11004,21,2.0,67.12274184561934,33.94434363629212,13.0,9,17.0,2009,0.194489265,B,B,47,8004,3,125.0,3,5,B
9457,88,1.0,35.53218603160393,22.380693711000266,6.0,5,9.0,1977,0.127375905,B,B,43,8429,3,,3,9,B
10571,5,2.0,54.96951500459082,,1.0,24,1.0,1977,0.150817539,B,B,16,3433,4,2643.0,4,5,B
4546,27,1.0,45.97526244943844,17.926904473905758,10.0,9,13.0,2002,0.041116354,B,B,53,14892,4,,1,4,B
425,53,3.0,79.43132044955854,53.6186575177778,14.0,9,24.0,2017,0.049637257,B,B,34,7759,0,229.0,1,3,B
2828,107,3.0,57.23025574661038,45.06110866491122,5.0,5,5.0,1962,0.050272014,B,B,21,4231,14,1020.0,0,3,B
16110,18,1.0,42.10024316483971,21.062988609081906,8.0,11,14.0,1987,0.0,B,B,30,5562,0,,0,5,A
6797,48,1.0,48.68812559492853,3.6115678472429456,1.0,21,21.0,2015,0.041124634,B,B,46,9515,5,,1,10,B
3535,8,2.0,46.3381131114506,31.108219615275072,5.0,5,5.0,1966,0.458174486,B,A,26,4439,1,1130.0,1,5,B
2690,9,2.0,46.9060602839888,32.200356005356504,7.0,5,5.0,1979,0.161531741,B,B,25,5648,1,30.0,2,4,B
5393,62,1.0,44.62623948575463,46.20231321223213,1.0,3,3.0,1977,0.072157581,B,B,2,629,1,,0,0,A
1672,36,1.0,39.57932235978628,19.524423198222816,7.0,14,17.0,2009,0.08761909,B,B,8,1497,5,,1,0,B
9666,29,4.0,124.229576501472,72.15196797564664,14.0,11,14.0,2012,0.069660344,B,B,31,6119,4,,1,2,B
10077,25,2.0,54.6849728659702,32.386760111697605,9.0,10,14.0,1995,0.069753361,B,B,53,13670,4,,1,11,B
14928,59,3.0,98.98353911990311,95.04910983790568,1.0,21,19.0,2015,0.019508796,B,B,37,7687,11,176.0,5,5,B
16091,33,3.0,64.4078911861627,43.14947295984353,7.0,9,9.0,1967,0.051942062,B,B,17,4017,7,800.0,2,0,B
2728,44,1.0,20.011215114086724,14.116331663039222,4.0,7,9.0,1970,0.122190486,B,B,25,4724,2,1308.0,1,3,B
6816,9,3.0,76.0764362284542,74.59121915695859,10.0,16,14.0,2010,0.31019913,B,B,11,2748,1,,0,0,B
11487,88,4.0,64.27046095358416,49.47729199495706,5.0,3,9.0,1974,0.127375905,B,B,43,8429,3,,3,9,B
6178,83,1.0,41.07698227850751,22.05723616580677,8.0,15,14.0,1987,0.0077202819999999,B,B,38,4788,2,,0,4,B
12195,6,2.0,63.34358549570074,61.482984097150094,1.0,18,25.0,2015,0.243204519,B,B,5,1564,0,540.0,0,0,B
12124,128,3.0,75.31541169537591,41.53861257104008,0.0,5,13.0,2002,0.0,B,B,27,4798,0,30.0,2,8,B
15787,105,1.0,27.15601893666372,16.243487881428102,5.0,5,5.0,1969,0.040242764,B,B,25,3478,11,2729.0,3,1,B
5845,111,1.0,33.984271075907024,22.95200251511988,5.0,4,5.0,1964,0.0,B,B,36,6714,2,2672.0,0,2,B
10272,9,3.0,77.67927907920622,45.32494510197428,10.0,3,14.0,1992,0.161531741,B,B,25,5648,1,30.0,2,4,B
15067,1,1.0,39.475796536491,23.098055032484663,8.0,12,17.0,1992,0.025609157,B,B,33,5261,0,240.0,3,1,B
8170,9,3.0,81.79514757676189,,1.0,5,1.0,1977,0.161531741,B,B,25,5648,1,30.0,2,4,B
14691,13,3.0,74.35745648870353,46.16676743604632,10.0,6,10.0,1999,0.090799103,B,B,74,19083,2,,5,15,B
14852,138,2.0,48.148369299695474,31.654825137309828,5.0,2,5.0,1962,0.014423114,B,B,19,3806,4,,0,3,B
11315,30,3.0,93.2013958849758,,1.0,3,2.0,2017,7.81528e-05,B,B,22,6398,141,1046.0,3,23,B
1968,27,2.0,138.0391817134653,92.4840984101504,42.0,3,3.0,2016,0.014072961,B,B,2,475,0,,0,0,B
6924,27,2.0,67.3047933486833,,1.0,8,1.0,1977,0.072157581,B,B,2,629,1,,0,0,A
12092,60,1.0,25.340573566687706,15.273213897181597,5.0,6,9.0,1965,0.341071945,B,B,27,5664,48,2300.0,3,11,B
14670,88,2.0,49.50316481871207,33.17657092562873,9.0,7,12.0,1973,0.127375905,B,B,43,8429,3,,3,9,B
8596,47,2.0,48.11315961694912,30.408247218629988,5.0,9,9.0,1978,0.101872465,B,B,23,4583,3,,3,3,B
8299,77,3.0,65.20744811268364,46.76680744515086,6.0,3,9.0,1976,6.99893e-05,B,B,46,10309,1,240.0,1,16,B
10618,79,2.0,46.35763640044757,28.14498305075405,5.0,3,5.0,1969,0.307466659,B,A,30,5048,9,325.0,2,5,B
5744,73,2.0,74.48878941919456,73.45254375840125,1.0,4,17.0,2017,0.042031587,B,B,37,6856,84,1940.0,2,5,B
15820,88,1.0,37.013953758888896,23.140297282393337,9.0,9,9.0,1976,0.127375905,B,B,43,8429,3,,3,9,B
11410,108,3.0,81.98501504747095,55.909985184348905,8.0,4,9.0,1957,0.0,B,B,25,5027,4,46.0,1,1,B
7053,19,3.0,92.9641502043882,53.71383686774156,11.0,14,14.0,2004,0.309479124,B,B,35,7715,4,990.0,0,6,B
16256,24,3.0,101.4833956274398,52.47978048734839,13.0,6,7.0,2006,0.111627393,B,B,50,12238,8,1970.0,2,3,B
11744,105,3.0,56.44030626737361,35.87373653528762,6.0,5,9.0,1973,0.040242764,B,B,25,3478,11,2729.0,3,1,B
6626,6,1.0,80.63869819599688,1.868776445569173,1.0,3,1.0,1977,0.243204519,B,B,5,1564,0,540.0,0,0,B
15833,4,3.0,71.60730439307244,52.38414906994439,7.0,5,6.0,1918,0.327018035,B,B,12,2270,23,2500.0,1,0,B
7090,94,2.0,52.03477473644265,30.75014459455151,5.0,5,5.0,1977,0.282797669,B,B,33,8667,2,,0,6,B
10983,86,1.0,36.30910183592356,21.82385765967415,7.0,3,9.0,1966,0.161975568,B,A,31,7010,5,4508.0,3,7,B
13623,144,1.0,37.03361252815829,21.122723987607728,5.0,3,5.0,1959,0.306977489,B,B,27,5148,14,1575.0,5,7,B
9671,45,2.0,75.62161610122911,62.88656908678546,1.0,15,14.0,2015,0.195781053,B,B,23,5212,6,,3,2,B
12593,31,2.0,84.16730274568235,44.962520340221815,16.0,17,40.0,2014,0.151346216,B,A,32,5889,10,830.0,4,1,B
6428,9,1.0,43.03726374343479,3.0131655899767686,1.0,3,1.0,1977,0.161531741,B,B,25,5648,1,30.0,2,4,B
7656,63,3.0,73.85250677685583,46.96831933654504,10.0,9,22.0,1984,0.23861713,B,B,26,3889,6,705.0,3,6,B
13437,62,2.0,73.72538133144033,,1.0,7,1.0,1977,0.072157581,B,B,2,629,1,,0,0,A
15777,27,1.0,41.22307894813133,42.426247838899776,1.0,13,17.0,2015,0.011654127,B,B,4,915,0,,0,0,B
13945,1,3.0,74.9742546317069,,1.0,9,17.0,1977,0.007122317,B,B,1,264,0,,0,1,B
3492,61,3.0,62.32344636758523,43.67721569759272,6.0,8,9.0,1977,0.300322518,B,B,52,10311,6,,1,9,B
7678,48,2.0,47.96304828556519,31.947822573164487,6.0,8,12.0,1979,0.041124634,B,B,46,9515,5,,1,10,B
16156,9,2.0,60.125115183450326,36.7702257723826,9.0,3,22.0,1983,0.136244425,B,B,11,2370,0,,0,1,B
8027,161,2.0,48.93798691188408,33.08257725916332,5.0,10,9.0,1965,0.014423114,B,B,19,3806,4,,0,3,B
7391,9,2.0,58.29963611504072,31.49205101443953,9.0,7,14.0,2008,0.31019913,B,B,11,2748,1,,0,0,B
8946,8,1.0,42.62844588322668,19.76114666299162,8.0,16,17.0,2002,0.43788524,B,B,23,5735,3,1084.0,0,5,B
9820,23,1.0,39.72742123300132,,1.0,14,17.0,1977,0.075778755,B,B,6,1437,3,,0,2,B
15708,47,1.0,39.47856243090988,24.46123324638335,6.0,4,9.0,1979,0.101872465,B,B,23,4583,3,,3,3,B
4134,9,3.0,66.99652234085981,41.69985846886339,8.0,6,12.0,1980,0.136244425,B,B,11,2370,0,,0,1,B
9513,26,1.0,39.230346913798826,20.93877136890088,7.0,9,17.0,2000,0.0,B,B,36,6714,2,2672.0,0,2,B
16660,74,2.0,45.88170224800432,30.80602387532218,5.0,2,5.0,1966,0.371148999,B,B,34,7065,1,750.0,2,5,B
6560,9,3.0,79.08401924235541,1.298378838602511,1.0,4,1.0,1977,0.161531741,B,B,25,5648,1,30.0,2,4,B
1045,94,3.0,60.44449177775665,47.36361819560298,6.0,6,9.0,1975,0.282797669,B,B,33,8667,2,,0,6,B
8709,23,2.0,42.1384571014617,,1.0,6,12.0,2013,0.034656082,B,B,0,168,0,,0,0,B
3867,85,3.0,77.10883836636452,50.44428316562747,10.0,3,16.0,1980,0.037177818,B,B,52,11217,1,2300.0,1,7,B
16140,27,1.0,38.25155748222115,,1.0,16,17.0,1977,0.011654127,B,B,4,915,0,,0,0,B
16182,18,3.0,80.78475292627712,52.12130941476329,8.0,4,8.0,1985,0.0,B,B,30,5562,0,,0,5,A
4453,12,2.0,56.80090820484124,32.647425270157754,8.0,12,17.0,1986,0.090799103,B,B,74,19083,2,,5,15,B
14378,2,3.0,78.56146817868941,44.95831529903283,7.0,16,17.0,1972,0.309479124,B,B,35,7715,4,990.0,0,6,B
5017,27,2.0,57.33114767051465,58.709649842781324,0.0,4,17.0,2018,0.011654127,B,B,4,915,0,,0,0,B
10795,6,2.0,62.2113794254756,58.00986704349823,1.0,12,17.0,2016,0.243204519,B,B,5,1564,0,540.0,0,0,B
6334,9,1.0,59.60544330856553,,0.0,11,0.0,1977,0.161531741,B,B,25,5648,1,30.0,2,4,B
12571,2,2.0,56.09479473725982,34.071819728055445,10.0,10,16.0,1973,0.130617806,B,B,39,10418,9,900.0,1,9,B
13132,30,2.0,61.25354853615504,,1.0,21,22.0,1977,7.81528e-05,B,B,22,6398,141,1046.0,3,23,B
16154,6,2.0,67.10261059647395,61.7386738079794,1.0,7,17.0,2016,0.243204519,B,B,5,1564,0,540.0,0,0,B
3731,1,3.0,78.94872294755562,,1.0,5,17.0,1977,0.007122317,B,B,1,264,0,,0,1,B
2923,66,3.0,98.95134588342312,57.34024922752951,13.0,24,27.0,2012,0.111627393,B,B,50,12238,8,1970.0,2,3,B
12647,46,2.0,53.916266276538245,32.78122611431102,8.0,13,12.0,1981,0.0,B,B,47,11319,0,1145.0,3,5,B
11427,23,2.0,47.362594939138965,49.55439382950404,10.0,14,12.0,1977,0.034656082,B,B,0,168,0,,0,0,B
2436,28,1.0,33.96336543862852,14.15236709301961,7.0,9,12.0,1988,0.118537385,B,B,30,6207,1,1183.0,1,0,B
5923,98,1.0,38.6566738530624,19.604756428202958,7.0,10,17.0,2008,0.195781053,B,B,23,5212,6,,3,2,B
6343,53,1.0,35.77227631508761,20.554842478626117,6.0,6,9.0,1971,0.313924552,B,B,22,4625,11,3855.0,2,10,B
12293,23,3.0,67.89628518851954,65.99645334407631,1.0,14,17.0,2015,0.034656082,B,B,0,168,0,,0,0,B
14750,21,3.0,63.13385592665502,42.47025030554871,7.0,6,9.0,1974,0.194489265,B,B,47,8004,3,125.0,3,5,B
217,80,2.0,59.439562966402455,33.991547282041424,10.0,11,17.0,1989,0.0,B,B,39,8647,0,810.0,0,5,B
845,143,2.0,56.53984635254797,30.62328515003704,8.0,5,16.0,1981,0.049863387,B,B,18,3746,9,75.0,3,1,B
3028,9,1.0,43.34834794254378,0.8092645741447718,0.0,16,17.0,2015,0.161531741,B,B,25,5648,1,30.0,2,4,B
12032,1,2.0,62.70360893258121,,1.0,10,17.0,1977,0.007122317,B,B,1,264,0,,0,1,B
8697,54,3.0,107.26140330876824,,9.0,4,17.0,2013,0.006076152,B,B,30,5285,0,645.0,6,6,B
7132,12,1.0,41.98042970567937,21.98189159176192,8.0,10,12.0,1983,0.090799103,B,B,74,19083,2,,5,15,B
10387,1,2.0,65.12320444149329,,1.0,9,17.0,1977,0.007122317,B,B,1,264,0,,0,1,B
5505,6,1.0,39.2173804333066,,1.0,12,17.0,1977,0.243204519,B,B,5,1564,0,540.0,0,0,B
7543,13,1.0,42.05271999246155,21.99831791312561,8.0,14,14.0,1997,0.090799103,B,B,74,19083,2,,5,15,B
4728,25,3.0,88.01854828505842,,10.0,6,25.0,2017,0.069753361,B,B,53,13670,4,,1,11,B
6408,23,3.0,74.175278869417,45.36542478173976,10.0,4,5.0,1995,0.014333947,B,B,2,528,0,0.0,0,0,B
13499,21,2.0,64.77691626352801,34.182155667323165,12.0,17,17.0,2007,0.034331497,B,B,25,5487,3,,0,4,B
1370,1,1.0,44.373134790122535,23.67984144853992,10.0,4,20.0,1977,0.007122317,B,B,1,264,0,,0,1,B
7940,61,3.0,64.99196741087259,45.20696362833936,6.0,3,9.0,1978,0.300322518,B,B,52,10311,6,,1,9,B
6372,155,2.0,78.16550988157199,51.01409432177668,10.0,5,5.0,1914,0.042307271,B,B,17,2810,9,4849.0,3,6,B
13801,23,1.0,41.88776945000716,,1.0,7,17.0,1977,0.075778755,B,B,6,1437,3,,0,2,B
14459,27,1.0,47.80943210174076,47.777381898563135,1.0,14,1.0,1977,0.072157581,B,B,2,629,1,,0,0,A
10164,58,4.0,94.9973324343706,57.01740233636862,9.0,6,9.0,2010,0.31019913,B,B,11,2748,1,,0,0,B
8070,38,2.0,40.2169312091974,26.782434878219465,7.0,8,9.0,1964,0.060753049,B,B,15,2787,2,520.0,0,7,B
7171,6,2.0,66.47630451043443,37.81281338240322,12.0,2,17.0,1977,0.243204519,B,B,5,1564,0,540.0,0,0,B
14421,37,3.0,61.67806512760394,45.480698397568375,5.0,7,9.0,1975,0.127811589,B,B,28,7287,5,320.0,1,3,B
2837,77,3.0,82.95303847725529,50.88722039442873,8.0,3,12.0,1982,6.99893e-05,B,B,46,10309,1,240.0,1,16,B
16444,31,1.0,32.731194800887906,15.019806603539712,8.0,1,5.0,1964,0.151346216,B,A,32,5889,10,830.0,4,1,B
12529,47,1.0,41.9138065319164,19.623610186131916,9.0,12,17.0,2007,0.101872465,B,B,23,4583,3,,3,3,B
12488,52,1.0,40.0020810679057,39.99327988695151,1.0,2,17.0,2016,0.371148999,B,B,34,7065,1,750.0,2,5,B
2250,1,2.0,56.86709900960975,33.75429833637623,8.0,9,14.0,1991,0.025609157,B,B,33,5261,0,240.0,3,1,B
3109,109,3.0,59.04017530867032,39.605732823293096,5.0,6,5.0,1962,0.1363303,B,B,30,6141,10,262.0,3,6,B
6698,1,2.0,55.024440892987954,34.07424006784818,9.0,4,17.0,1990,0.025609157,B,B,33,5261,0,240.0,3,1,B
15975,61,3.0,64.54365752157776,42.65154108152244,7.0,10,9.0,1981,0.300322518,B,B,52,10311,6,,1,9,B
5231,188,2.0,57.5941562055831,36.82551633874185,9.0,14,16.0,1980,0.0,B,B,7,1660,39,1786.0,1,5,B
16718,37,1.0,21.511538921678167,12.234302595795096,3.0,2,5.0,1970,0.127811589,B,B,28,7287,5,320.0,1,3,B
994,109,1.0,36.3096260133063,23.288187106393213,6.0,1,9.0,1979,0.1363303,B,B,30,6141,10,262.0,3,6,B
11106,27,3.0,47.443400278180206,,0.0,6,25.0,1977,0.072157581,B,B,2,629,1,,0,0,A
1272,21,2.0,56.56336730293371,33.165951105304075,8.0,15,14.0,1989,0.194489265,B,B,47,8004,3,125.0,3,5,B
9073,6,1.0,38.52108688308654,,1.0,17,17.0,1977,0.243204519,B,B,5,1564,0,540.0,0,0,B
6810,27,2.0,59.408283656948825,61.40575533373045,10.0,11,17.0,2018,0.017647053,B,B,2,469,0,,0,0,B
13079,79,1.0,35.09191485157909,23.64524386597413,9.0,5,12.0,1968,0.307466659,B,A,30,5048,9,325.0,2,5,B
15205,87,3.0,76.61200497268392,49.79287545793397,10.0,10,17.0,1989,0.100455735,B,B,43,7227,0,,1,6,A
7644,1,3.0,84.25846795624682,48.276506308340686,10.0,7,22.0,2010,0.025609157,B,B,33,5261,0,240.0,3,1,B
6384,39,2.0,46.241789158604966,29.22425497429645,6.0,11,9.0,1969,0.428825818,B,B,25,5011,8,730.0,0,2,B
14884,105,2.0,39.32173694575816,23.74546415005744,6.0,5,12.0,1971,0.040242764,B,B,25,3478,11,2729.0,3,1,B
3065,23,2.0,55.12198593615654,30.18002818030269,10.0,15,17.0,2013,0.075778755,B,B,6,1437,3,,0,2,B
7989,101,1.0,37.6255169935725,23.09124649553917,0.0,10,9.0,1977,0.038692987,B,B,28,6533,1,1015.0,2,5,B
5139,34,2.0,59.92774490501757,,1.0,5,1.0,2014,0.069753361,B,B,53,13670,4,,1,11,B
9093,26,2.0,45.72973678818752,28.8965516946566,5.0,4,5.0,1965,0.0,B,B,36,6714,2,2672.0,0,2,B
976,25,1.0,33.86332584745452,32.41952725897953,10.0,3,22.0,2016,0.069753361,B,B,53,13670,4,,1,11,B
7182,91,2.0,40.0876520611274,27.82132706852866,6.0,3,5.0,1964,0.333891544,B,B,30,6564,1,,0,0,B
1286,101,1.0,39.842267919494205,24.439134164743443,9.0,6,12.0,1970,0.225824954,A,B,41,6558,7,1548.0,3,2,B
12564,118,3.0,83.59215456844359,52.071735954421776,8.0,7,9.0,1965,0.21843974,B,B,21,4472,6,1450.0,4,7,A
1406,53,2.0,57.34953563743307,58.952106850522135,10.0,7,19.0,2013,0.049637257,B,B,34,7759,0,229.0,1,3,B
14505,27,1.0,37.39198416737904,20.61769762959123,1.0,10,13.0,1977,0.211401214,B,B,9,1892,0,,0,1,B
11270,33,1.0,34.000645903387024,,0.0,15,14.0,1977,0.236108458,B,B,16,3893,27,,3,10,B
6150,6,3.0,76.37955255988342,1.6335422370429444,1.0,17,17.0,1977,0.243204519,B,B,5,1564,0,540.0,0,0,B
5856,1,2.0,62.78509546760901,,1.0,5,22.0,1977,0.007122317,B,B,1,264,0,,0,1,B
2249,62,1.0,77.1576750214448,78.28176321353712,34.0,5,24.0,2016,0.072157581,B,B,2,629,1,,0,0,A
9908,105,1.0,39.954127323786174,24.993155416266355,6.0,11,9.0,1974,0.069660344,B,B,31,6119,4,,1,2,B
15927,105,1.0,41.540167522718846,19.64646026142736,9.0,4,16.0,1977,0.069660344,B,B,31,6119,4,,1,2,B
8174,23,1.0,46.88683597148046,,0.0,3,3.0,2016,0.034656082,B,B,0,168,0,,0,0,B
1528,86,2.0,41.88413154527772,23.132604398785485,6.0,2,12.0,1965,0.161975568,B,A,31,7010,5,4508.0,3,7,B
14776,55,2.0,56.324101484183686,32.501073649724496,9.0,14,17.0,2000,0.041365446,B,B,31,5569,0,,1,4,B
2676,37,1.0,40.660754920477984,22.73838135672151,8.0,8,14.0,1978,0.127811589,B,B,28,7287,5,320.0,1,3,B
1438,74,1.0,46.66944514059817,,1.0,8,17.0,1977,0.075778755,B,B,6,1437,3,,0,2,B
13461,147,2.0,47.63784857105846,33.15756478068653,5.0,7,5.0,1963,0.319809354,B,B,25,4756,16,2857.0,5,8,B
10341,115,2.0,40.85172116250776,25.81134092717684,5.0,2,5.0,1961,1.8e-09,B,B,16,3681,73,1815.0,2,5,B
7739,112,3.0,79.31488193056519,45.83916052553783,10.0,14,22.0,2009,0.069660344,B,B,31,6119,4,,1,2,B
15529,53,2.0,58.18847872198303,35.282429448919814,10.0,10,24.0,2017,0.049637257,B,B,34,7759,0,229.0,1,3,B
5593,194,3.0,80.05045608929314,55.02680210642559,8.0,3,8.0,1962,0.174739084,B,B,17,3379,9,100.0,0,3,B
1274,23,2.0,53.43766474278686,,1.0,2,2.0,1977,0.005767451,B,B,1,388,0,,0,0,B
9505,113,1.0,41.34227110414053,17.039971943099214,8.0,10,18.0,1974,0.050755569,B,B,24,5469,1,145.0,0,1,B
15235,139,1.0,35.454027280656064,19.360493028163106,9.0,8,12.0,1970,0.122090347,B,B,29,6566,7,1894.0,4,0,B
6866,84,2.0,45.24649489942665,33.3480027684782,6.0,2,9.0,1982,0.149666373,B,B,22,4789,2,4087.0,4,1,B
11663,42,1.0,40.048098831463406,23.554404763693128,7.0,10,17.0,2006,0.158249043,B,B,21,5731,0,,1,0,B
8585,2,2.0,47.28812379137417,29.67902335783063,6.0,6,9.0,1973,0.035145267,B,B,42,9292,3,2620.0,0,3,B
10532,89,2.0,56.68208894082729,34.62412785245245,7.0,7,5.0,1960,0.151346216,B,A,32,5889,10,830.0,4,1,B
9337,94,1.0,37.57559941415215,22.02513693264013,8.0,7,16.0,1977,0.282797669,B,B,33,8667,2,,0,6,B
10012,83,2.0,48.83062368522637,28.24201936961241,5.0,9,9.0,1974,0.0077202819999999,B,B,38,4788,2,,0,4,B
10969,62,1.0,42.67726304920691,43.73847164637347,10.0,3,17.0,2016,0.072157581,B,B,2,629,1,,0,0,A
13060,25,2.0,51.14490565954394,48.97953973672529,1.0,18,25.0,2015,0.069753361,B,B,53,13670,4,,1,11,B
13518,26,2.0,48.50786205935908,30.48039627684409,5.0,4,12.0,1967,0.0,B,B,36,6714,2,2672.0,0,2,B
15294,88,1.0,38.4114878103867,19.036774154583785,9.0,9,12.0,1975,0.127375905,B,B,43,8429,3,,3,9,B
8249,58,1.0,39.7683400120084,22.41394259970384,8.0,10,10.0,2005,0.31019913,B,B,11,2748,1,,0,0,B
7890,105,1.0,36.57899189220412,20.318268232019147,5.0,4,9.0,1974,0.069660344,B,B,31,6119,4,,1,2,B
1905,61,1.0,35.9470664500824,22.659924874919227,10.0,10,9.0,1977,0.300322518,B,B,52,10311,6,,1,9,B
1823,97,3.0,85.84651042964487,62.13924936025644,4.0,4,9.0,1941,0.306977489,B,B,27,5148,14,1575.0,5,7,B
6450,20,3.0,80.27601266469395,48.47220116363877,13.0,6,17.0,2000,0.019508796,B,B,37,7687,11,176.0,5,5,B
3098,99,1.0,38.4619337494872,21.525432468888223,7.0,3,17.0,2002,0.012338886,B,B,35,5776,1,2078.0,2,4,B
7751,27,2.0,64.43782442464634,,7.0,8,0.0,1977,0.017647053,B,B,2,469,0,,0,0,B
4871,170,1.0,40.52237454663916,23.50157714726286,8.0,15,17.0,1991,0.21843974,B,B,21,4472,6,1450.0,4,7,A
16496,4,1.0,39.97674931976974,16.914867165125973,9.0,11,2.0,1972,0.327018035,B,B,12,2270,23,2500.0,1,0,B
14335,13,4.0,82.10979667972767,57.111184314214704,6.0,6,12.0,1992,0.090799103,B,B,74,19083,2,,5,15,B
10647,91,2.0,68.62307977734274,38.95719498896075,7.0,2,5.0,1955,0.333891544,B,B,30,6564,1,,0,0,B
13576,40,2.0,56.28031161619775,35.36073381290812,7.0,3,9.0,1971,0.200146802,B,B,23,3975,8,770.0,2,0,B
9919,29,2.0,48.477259305844605,30.38017957214543,6.0,2,5.0,1963,0.069660344,B,B,31,6119,4,,1,2,B
7609,23,2.0,55.512596232854136,,10.0,5,20.0,1977,0.034656082,B,B,0,168,0,,0,0,B
390,108,2.0,60.13418926048913,36.690519959947046,9.0,6,9.0,1961,0.0,B,B,23,3684,2,,0,4,B
14049,58,2.0,45.91764782201653,31.72984793322341,5.0,1,9.0,1971,0.050755569,B,B,24,5469,1,145.0,0,1,B
4244,27,1.0,40.184429404828585,19.736195709269488,7.0,10,14.0,2000,0.041116354,B,B,53,14892,4,,1,4,B
14740,111,2.0,46.01078633180929,28.76597623158145,5.0,6,9.0,1977,0.135649789,B,B,46,7960,6,350.0,3,11,B
14954,66,1.0,52.50771283662468,21.368214874114397,13.0,15,27.0,2012,0.111627393,B,B,50,12238,8,1970.0,2,3,B
25,15,1.0,45.12395140735664,20.62711020416448,8.0,13,14.0,2009,0.158249043,B,B,21,5731,0,,1,0,B
2118,41,1.0,38.44074968478797,22.18990789757437,9.0,11,16.0,1983,0.127811589,B,B,28,7287,5,320.0,1,3,B
14327,41,1.0,37.15939167672686,21.55296261756529,6.0,5,9.0,1981,6.99893e-05,B,B,46,10309,1,240.0,1,16,B
1284,55,1.0,43.31195243880666,21.27512751035401,8.0,16,14.0,1994,0.041365446,B,B,31,5569,0,,1,4,B
16512,24,1.0,34.041063641819875,20.50695425905193,5.0,8,9.0,1962,0.111627393,B,B,50,12238,8,1970.0,2,3,B
5439,48,1.0,42.4495816064278,21.79743365383394,8.0,7,14.0,1985,0.041124634,B,B,46,9515,5,,1,10,B
12203,52,1.0,40.06185124164293,41.76740245741391,0.0,10,17.0,1977,0.371148999,B,B,34,7065,1,750.0,2,5,B
10596,53,1.0,39.41692626154685,,1.0,11,19.0,1977,0.049637257,B,B,34,7759,0,229.0,1,3,B
6010,72,2.0,63.29578675415534,60.7939969684188,1.0,23,23.0,2019,0.210473241,B,B,11,2398,2,1994.0,3,0,B
7633,53,1.0,40.67562653962813,,1.0,21,21.0,1977,0.049637257,B,B,34,7759,0,229.0,1,3,B
13535,30,2.0,64.30827482030163,,1.0,2,17.0,1977,7.81528e-05,B,B,22,6398,141,1046.0,3,23,B
5422,33,3.0,83.70019005035911,57.71296839098354,10.0,6,8.0,1960,0.050272014,B,B,21,4231,14,1020.0,0,3,B
9007,85,3.0,77.32936606894637,49.28537864746394,10.0,11,16.0,1973,0.037177818,B,B,52,11217,1,2300.0,1,7,B
10881,53,2.0,36.26035600991948,23.47405994549982,6.0,9,9.0,1966,0.313924552,B,B,22,4625,11,3855.0,2,10,B
2423,6,1.0,40.64627875383704,40.245971445843786,6.0,18,17.0,2016,0.243204519,B,B,5,1564,0,540.0,0,0,B
2578,103,3.0,64.49517250670618,45.78679809799176,6.0,6,9.0,1968,0.0006991189999999,B,B,14,3369,24,4129.0,0,3,B
5253,46,2.0,55.52008341488619,35.328234383113646,9.0,14,17.0,2005,0.0,B,B,47,11319,0,1145.0,3,5,B
1413,57,3.0,68.39393724483394,41.20837672231794,8.0,7,12.0,1982,0.133215333,B,B,49,11395,3,1406.0,3,4,A
14350,6,2.0,63.95471097180236,,1.0,12,1.0,2014,0.243204519,B,B,5,1564,0,540.0,0,0,B
1538,167,3.0,61.2160524814072,41.10635890898606,5.0,4,5.0,1961,0.050272014,B,B,21,4231,14,1020.0,0,3,B
2291,54,2.0,74.26563460694476,78.77043649351026,1.0,9,9.0,1977,0.006076152,B,B,30,5285,0,645.0,6,6,B
882,27,1.0,51.21545715258194,,1.0,4,1.0,1977,0.072157581,B,B,2,629,1,,0,0,A
14256,62,2.0,77.46045574896198,76.5461176479253,12.0,9,16.0,2016,0.072157581,B,B,2,629,1,,0,0,A
9254,84,3.0,72.36201644229297,50.76045524718481,7.0,6,5.0,1958,0.006076152,B,B,30,5285,0,645.0,6,6,B
648,6,3.0,81.9422912674556,,0.0,5,17.0,1977,0.243204519,B,B,5,1564,0,540.0,0,0,B
4172,20,1.0,41.744346802333816,22.21550639117683,8.0,7,17.0,1997,0.019508796,B,B,37,7687,11,176.0,5,5,B
2246,13,1.0,41.83474640495681,19.213150842379545,9.0,18,25.0,2003,0.090799103,B,B,74,19083,2,,5,15,B
11174,6,1.0,81.72292744471572,2.009251247662834,1.0,3,1.0,1977,0.243204519,B,B,5,1564,0,540.0,0,0,B
13763,47,2.0,55.17677708019214,31.317301337016048,8.0,4,17.0,2006,0.101872465,B,B,23,4583,3,,3,3,B
12374,84,3.0,80.51089886877011,53.2111902870676,8.0,1,5.0,1953,0.149666373,B,B,22,4789,2,4087.0,4,1,B
15180,31,2.0,62.62621534084758,39.782345061330254,8.0,8,9.0,1960,0.0,B,B,23,3684,2,,0,4,B
11573,93,1.0,42.08341868612245,21.082349339927205,10.0,4,17.0,2016,0.521867054,B,B,25,6149,0,,0,0,B
3251,28,3.0,88.63466861289255,52.62765849726405,11.0,12,23.0,2010,0.333891544,B,B,30,6564,1,,0,0,B
12494,57,3.0,82.19384007275632,46.55584266648811,13.0,12,17.0,2000,0.090799103,B,B,74,19083,2,,5,15,B
13984,145,4.0,95.78410642669752,55.002488153309365,10.0,5,12.0,1999,0.0,B,B,30,5562,0,,0,5,A
14417,129,1.0,32.6501518721227,19.985637220260863,6.0,3,8.0,1964,0.020741326,B,B,24,5613,5,1340.0,2,5,B
11763,44,3.0,87.44207173223776,52.575332579279966,9.0,24,23.0,2008,0.232205084,B,B,24,4860,1,80.0,0,3,B
16335,100,2.0,44.45974833505619,28.224575835913026,5.0,8,9.0,1968,0.200146802,B,B,23,3975,8,770.0,2,0,B
6658,1,1.0,40.18638886329678,38.882738486483326,0.0,4,17.0,1977,0.007122317,B,B,1,264,0,,0,1,B
11360,27,3.0,80.73977136034544,44.30166613225831,11.0,5,17.0,2007,0.07542368,B,B,11,3097,0,,0,0,B
525,108,3.0,74.24243825515755,46.49772109890478,9.0,13,17.0,2009,0.0,B,B,25,5027,4,46.0,1,1,B
8873,74,1.0,51.16321388984122,16.111394279319388,13.0,12,17.0,2015,0.075778755,B,B,6,1437,3,,0,2,B
12270,112,2.0,56.72848452592744,29.0705587108176,9.0,18,18.0,2009,0.069660344,B,B,31,6119,4,,1,2,B
15756,27,1.0,40.73287057007803,23.959210732722607,8.0,6,9.0,2000,0.041116354,B,B,53,14892,4,,1,4,B
6607,0,1.0,34.78944991938816,19.943391410732428,5.0,6,5.0,1961,0.319809354,B,B,25,4756,16,2857.0,5,8,B
13058,6,2.0,52.52369529627976,34.675748344973755,9.0,6,17.0,2016,0.243204519,B,B,5,1564,0,540.0,0,0,B
14120,23,2.0,67.82636138044721,,1.0,13,17.0,1977,0.075778755,B,B,6,1437,3,,0,2,B
8659,96,2.0,54.13441295038548,29.385070452519127,7.0,9,15.0,2009,0.041116354,B,B,53,14892,4,,1,4,B
9236,1,2.0,62.063715062405,65.54714336696316,0.0,12,17.0,1977,0.007122317,B,B,1,264,0,,0,1,B
3425,27,1.0,41.58102024974895,,1.0,9,12.0,1977,0.011654127,B,B,4,915,0,,0,0,B
11453,7,3.0,68.54572670391562,47.4128391703384,6.0,3,9.0,1981,0.130617806,B,B,39,10418,9,900.0,1,9,B
7141,1,1.0,38.07507758620039,41.31459862925804,0.0,8,17.0,1977,0.007122317,B,B,1,264,0,,0,1,B
908,125,2.0,44.53084321536914,26.22934847278275,5.0,5,5.0,1965,0.040242764,B,B,25,3478,11,2729.0,3,1,B
6967,55,4.0,69.45455575350437,48.63075818741613,5.0,5,9.0,1973,0.012338886,B,B,35,5776,1,2078.0,2,4,B
6954,74,1.0,50.22329815561478,,1.0,17,1.0,1977,0.075778755,B,B,6,1437,3,,0,2,B
10878,28,3.0,72.40843458128478,48.07791022147955,7.0,4,5.0,1959,0.118537385,B,B,30,6207,1,1183.0,1,0,B
15243,53,2.0,56.8729254389097,,0.0,20,0.0,1977,0.049637257,B,B,34,7759,0,229.0,1,3,B
10762,55,3.0,63.051670598188274,46.39174109484638,6.0,2,9.0,1973,0.012338886,B,B,35,5776,1,2078.0,2,4,B
5405,21,1.0,43.103813869248846,21.23475609332882,8.0,3,17.0,2006,0.194489265,B,B,47,8004,3,125.0,3,5,B
6074,23,2.0,46.079935031323394,32.49088762680458,5.0,4,4.0,1972,0.059456227,B,B,1,362,0,,0,0,B
3747,23,5.0,139.04576318583412,89.79027379211708,42.0,1,3.0,2015,0.014072961,B,B,2,475,0,,0,0,B
7565,74,1.0,55.80268452937536,,1.0,1,22.0,1977,0.075778755,B,B,6,1437,3,,0,2,B
15275,11,2.0,52.85537451351156,32.55957100018501,12.0,12,16.0,1975,0.0001696759999999,B,B,36,5992,0,,1,1,B
12420,96,1.0,41.8339039986406,20.97225430009497,8.0,7,12.0,2004,0.041116354,B,B,53,14892,4,,1,4,B
12472,8,2.0,46.14791480210744,27.697664849207897,6.0,5,5.0,1961,0.43788524,B,B,23,5735,3,1084.0,0,5,B
2850,23,3.0,78.37488475899826,,1.0,25,25.0,1977,0.075778755,B,B,6,1437,3,,0,2,B
14316,0,1.0,63.1956371657265,23.246574567320657,12.0,18,19.0,2012,0.006076152,B,B,30,5285,0,645.0,6,6,B
8780,128,2.0,57.53882731908632,34.71373536061161,10.0,19,22.0,1994,0.0,B,B,27,4798,0,30.0,2,8,B
10441,66,1.0,33.3889307987255,22.782377466062503,5.0,6,5.0,1962,0.111627393,B,B,50,12238,8,1970.0,2,3,B
14384,6,2.0,53.51691633612811,,1.0,4,17.0,1977,0.243204519,B,B,5,1564,0,540.0,0,0,B
7903,22,3.0,65.5063187182316,42.11290215619179,8.0,12,12.0,1983,0.118537385,B,B,30,6207,1,1183.0,1,0,B
15104,23,2.0,55.04104305083888,32.52821725908952,9.0,12,17.0,2014,0.075778755,B,B,6,1437,3,,0,2,B
14652,58,2.0,69.72027887834821,,1.0,10,12.0,1977,0.43788524,B,B,23,5735,3,1084.0,0,5,B
15613,32,1.0,35.99883862933943,17.060620852365545,5.0,2,5.0,1970,0.135649789,B,B,46,7960,6,350.0,3,11,B
7187,27,1.0,37.36091478787089,20.92680236416469,6.0,5,3.0,2013,0.011654127,B,B,4,915,0,,0,0,B
7460,9,3.0,111.9562516385795,66.85984479977724,15.0,8,14.0,1997,0.136244425,B,B,11,2370,0,,0,1,B
7671,7,3.0,78.69352057693797,47.47112491154103,10.0,9,17.0,2004,0.130617806,B,B,39,10418,9,900.0,1,9,B
5925,62,1.0,42.49390721216511,42.56813259970031,10.0,7,17.0,2017,0.072157581,B,B,2,629,1,,0,0,A
10162,6,3.0,80.03910659199211,78.36043716268166,1.0,3,17.0,2017,0.243204519,B,B,5,1564,0,540.0,0,0,B
13377,7,2.0,58.63953537985844,33.64345751818232,10.0,10,16.0,1973,0.130617806,B,B,39,10418,9,900.0,1,9,B
13152,99,2.0,56.793832659775646,38.92873452892562,6.0,10,9.0,1973,0.012338886,B,B,35,5776,1,2078.0,2,4,B
6926,129,3.0,66.07887919950788,49.987887231377954,7.0,14,12.0,1985,0.460556389,B,B,20,4386,14,,1,5,B
4066,74,3.0,111.47404050008112,111.6022035595422,17.0,13,15.0,2016,0.075778755,B,B,6,1437,3,,0,2,B
9693,23,1.0,41.639364640789545,,1.0,6,17.0,1977,0.075778755,B,B,6,1437,3,,0,2,B
11733,39,3.0,75.51646591244769,46.54491142166501,8.0,20,21.0,1993,0.428825818,B,B,25,5011,8,730.0,0,2,B
14963,66,1.0,39.4349164324314,37.54969860375533,1.0,12,14.0,1974,0.111627393,B,B,50,12238,8,1970.0,2,3,B
5452,27,1.0,48.58791283401774,42.59618990044878,12.0,3,2.0,2016,0.017647053,B,B,2,469,0,,0,0,B
3346,75,1.0,29.58353963020132,17.26320620470885,5.0,5,5.0,1960,0.122090347,B,B,29,6566,7,1894.0,4,0,B
14586,23,1.0,41.56153501496149,39.429655184707066,1.0,4,4.0,2017,0.034656082,B,B,0,168,0,,0,0,B
15622,1,2.0,53.7580397456391,,1.0,5,17.0,1977,0.007122317,B,B,1,264,0,,0,1,B
9033,1,1.0,40.40739185416471,,10.0,13,17.0,2017,0.007122317,B,B,1,264,0,,0,1,B
10107,74,2.0,74.22431808264979,,1.0,6,18.0,1977,0.309479124,B,B,35,7715,4,990.0,0,6,B
14410,167,2.0,57.906996484887685,35.62563715026764,6.0,8,6.0,1941,0.050272014,B,B,21,4231,14,1020.0,0,3,B
7555,1,2.0,64.09070772861901,65.29720566870812,12.0,2,9.0,2018,0.007122317,B,B,1,264,0,,0,1,B
5399,1,3.0,88.01116413692017,,10.0,18,22.0,2016,0.007122317,B,B,1,264,0,,0,1,B
9129,109,1.0,32.36197651724863,20.59312290583476,5.0,6,5.0,1962,0.1363303,B,B,30,6141,10,262.0,3,6,B
932,62,1.0,45.60536667785385,,1.0,6,1.0,1977,0.072157581,B,B,2,629,1,,0,0,A
14868,85,3.0,54.26435549381642,34.64728551991505,6.0,4,9.0,1980,0.037177818,B,B,52,11217,1,2300.0,1,7,B
16367,27,2.0,64.24856766446668,33.41653796838658,10.0,3,17.0,2016,0.011654127,B,B,4,915,0,,0,0,B
8467,8,3.0,74.48213386679768,45.64719995357787,9.0,16,17.0,1986,0.092290642,B,B,21,4346,2,165.0,1,2,B
6206,59,2.0,78.53043555955044,,0.0,7,0.0,1977,0.019508796,B,B,37,7687,11,176.0,5,5,B
12128,6,2.0,67.35766837062401,,0.0,14,17.0,1977,0.243204519,B,B,5,1564,0,540.0,0,0,B
15245,98,2.0,64.15277492010668,39.1168256677101,10.0,20,22.0,1990,0.195781053,B,B,23,5212,6,,3,2,B
5155,9,2.0,53.55492483571064,30.64666605878945,8.0,2,14.0,1993,0.161531741,B,B,25,5648,1,30.0,2,4,B
12916,27,1.0,39.79868520953567,,1.0,9,19.0,1977,0.211401214,B,B,9,1892,0,,0,1,B
10974,48,1.0,33.427204975067575,33.76153207029844,9.0,5,22.0,1987,0.041124634,B,B,46,9515,5,,1,10,B
4695,1,1.0,40.19847184508317,21.807061075159822,10.0,12,17.0,2017,0.007122317,B,B,1,264,0,,0,1,B
8441,90,2.0,49.23517791064016,32.86714121134105,5.0,5,5.0,1966,0.265088676,B,B,37,5288,0,1937.0,3,2,B
6672,10,2.0,48.43686052302616,33.961521717752646,7.0,4,12.0,1974,0.089039719,B,B,33,7976,5,,0,11,B
11855,68,3.0,79.10410192791116,51.57553758964949,9.0,6,8.0,1960,0.081943463,B,B,20,2738,20,,1,4,B
13908,22,1.0,33.819658796584314,21.85062639653824,5.0,6,5.0,1967,0.133215333,B,B,49,11395,3,1406.0,3,4,A
12172,23,1.0,36.96634132221517,33.02752037943226,1.0,4,3.0,1977,0.005767451,B,B,1,388,0,,0,0,B
13592,31,3.0,68.56716856897975,69.15656737141963,7.0,3,9.0,1960,0.0,B,B,23,3684,2,,0,4,B
2373,18,2.0,64.30447271246891,35.55090165639562,10.0,4,17.0,1991,0.0,B,B,30,5562,0,,0,5,A
5948,6,1.0,40.11398408545357,4.612265128629062,1.0,17,17.0,1977,0.243204519,B,B,5,1564,0,540.0,0,0,B
4088,22,1.0,39.67093816820002,18.675235138833447,9.0,9,20.0,2013,0.118537385,B,B,30,6207,1,1183.0,1,0,B
11812,65,2.0,64.06314855146861,44.25138344350212,7.0,3,8.0,1958,0.081943463,B,B,20,2738,20,,1,4,B
14557,148,2.0,61.91799412891511,,10.0,10,17.0,1977,0.313924552,B,B,22,4625,11,3855.0,2,10,B
10427,78,2.0,58.168290207890976,35.09649624167143,11.0,10,22.0,2006,0.092290642,B,B,21,4346,2,165.0,1,2,B
10284,147,3.0,71.17908267917215,47.77935270114763,9.0,12,14.0,1974,0.319809354,B,B,25,4756,16,2857.0,5,8,B
11077,21,3.0,62.715838043704174,41.52214281955178,5.0,3,5.0,1967,0.194489265,B,B,47,8004,3,125.0,3,5,B
2604,53,2.0,40.015627061588894,24.10081746919137,6.0,4,12.0,1971,0.049637257,B,B,34,7759,0,229.0,1,3,B
1559,23,1.0,31.34243276966709,,1.0,7,1.0,1977,0.034656082,B,B,0,168,0,,0,0,B
8314,53,2.0,49.748026544464246,32.01304652042161,5.0,8,9.0,1968,0.313924552,B,B,22,4625,11,3855.0,2,10,B
14289,26,2.0,48.64270027367563,30.79597599339624,5.0,2,5.0,1968,0.0,B,B,36,6714,2,2672.0,0,2,B
5916,6,2.0,68.47176232143977,35.20541006388034,12.0,2,17.0,1977,0.243204519,B,B,5,1564,0,540.0,0,0,B
1525,34,3.0,74.90655619752668,46.59000831886104,10.0,12,17.0,1993,0.069753361,B,B,53,13670,4,,1,11,B
1278,47,1.0,41.49849752664512,22.45382652053375,8.0,16,14.0,2001,0.298204575,B,B,16,4048,3,,1,3,B
13988,45,3.0,81.13013424258592,79.57760546906576,0.0,17,17.0,2015,0.195781053,B,B,23,5212,6,,3,2,B
9751,57,1.0,40.21672923786829,21.94410487351068,6.0,4,17.0,2003,0.133215333,B,B,49,11395,3,1406.0,3,4,A
11684,69,3.0,69.96455390877081,48.465956488248814,7.0,12,16.0,1988,0.000991363,B,B,33,6783,3,,1,9,B
8684,1,2.0,54.763380206480434,,1.0,13,17.0,1977,0.007122317,B,B,1,264,0,,0,1,B
3359,124,1.0,44.65574403758029,23.60153149878052,8.0,11,14.0,1987,0.122090347,B,B,29,6566,7,1894.0,4,0,B
4248,29,3.0,73.85431599323309,45.122852346577794,6.0,3,5.0,1957,0.069660344,B,B,31,6119,4,,1,2,B
4221,166,2.0,68.5185614600764,45.37374689265626,9.0,5,7.0,1953,0.174739084,B,B,17,3379,9,100.0,0,3,B
16401,30,1.0,2.645046457760864,4.338755468218892,1.0,2,1.0,1977,7.81528e-05,B,B,22,6398,141,1046.0,3,23,B
8742,23,2.0,56.251690152923615,54.16006768538482,1.0,2,1.0,2015,0.034656082,B,B,0,168,0,,0,0,B
5682,81,2.0,67.57557072998043,32.91770390461185,9.0,13,17.0,2010,0.006076152,B,B,30,5285,0,645.0,6,6,B
5459,57,3.0,66.06909879254765,49.78674499708658,8.0,5,5.0,1977,0.133215333,B,B,49,11395,3,1406.0,3,4,A
6507,62,2.0,44.80515341555724,31.05836514326758,6.0,3,9.0,1978,0.002211665,B,B,39,7614,3,,1,5,A
12385,27,2.0,60.57808384208661,60.31553640134182,10.0,13,12.0,2016,0.011654127,B,B,4,915,0,,0,0,B
4634,22,1.0,42.441934109205775,,0.0,5,17.0,1977,0.118537385,B,B,30,6207,1,1183.0,1,0,B
1467,103,3.0,78.90748783744003,51.960540727713536,9.0,1,17.0,2001,0.151346216,B,A,32,5889,10,830.0,4,1,B
16744,61,2.0,58.82480403733484,29.81780640169757,9.0,6,22.0,2012,0.300322518,B,B,52,10311,6,,1,9,B
16054,20,2.0,58.36126831035615,35.65718405447356,8.0,9,9.0,1978,0.019508796,B,B,37,7687,11,176.0,5,5,B
5635,23,1.0,37.10063310720405,,0.0,4,3.0,1977,0.005767451,B,B,1,388,0,,0,0,B
5966,53,2.0,44.43824905393311,31.423017771754918,5.0,8,9.0,1966,0.049637257,B,B,34,7759,0,229.0,1,3,B
12287,22,3.0,83.62629793628456,,1.0,17,17.0,1977,0.118537385,B,B,30,6207,1,1183.0,1,0,B
12729,25,2.0,52.825522926486606,34.158729359199,8.0,15,17.0,1997,0.069753361,B,B,53,13670,4,,1,11,B
2867,27,1.0,47.98972723597618,,1.0,4,12.0,1977,0.072157581,B,B,2,629,1,,0,0,A
3396,102,1.0,35.143063507585005,22.96297346854796,5.0,1,5.0,1961,0.23861713,B,B,26,3889,6,705.0,3,6,B
13904,1,1.0,40.27829635724406,,1.0,18,17.0,1977,0.007122317,B,B,1,264,0,,0,1,B
12640,6,2.0,54.62914192453746,31.48630808065044,97.0,4,17.0,2015,0.243204519,B,B,5,1564,0,540.0,0,0,B
8792,23,3.0,106.7295812787054,,1.0,26,9.0,1977,0.075778755,B,B,6,1437,3,,0,2,B
10706,62,2.0,54.46641963951477,35.320680112427304,9.0,16,16.0,1977,0.037177818,B,B,52,11217,1,2300.0,1,7,B
13847,53,1.0,38.62020539009957,40.66350752328936,1.0,21,19.0,2016,0.049637257,B,B,34,7759,0,229.0,1,3,B
12669,23,2.0,65.86421693719869,,1.0,11,17.0,1977,0.075778755,B,B,6,1437,3,,0,2,B
4852,183,1.0,40.23200687231961,22.4044797979032,10.0,15,16.0,1978,0.246623602,B,B,14,2940,45,,3,6,B
3472,44,1.0,35.873400895782034,21.035520963021035,7.0,3,14.0,1970,0.175054867,B,B,36,10055,3,,1,0,B
3260,0,2.0,43.48937802703388,25.097347137255483,5.0,1,5.0,1962,0.319809354,B,B,25,4756,16,2857.0,5,8,B
3480,119,2.0,47.6583382119277,32.67708885392219,5.0,7,5.0,1968,0.000995363,B,B,42,7651,1,,1,5,B
13601,6,1.0,42.098529972577865,5.948005138598387,1.0,18,17.0,1977,0.243204519,B,B,5,1564,0,540.0,0,0,B
5700,53,2.0,47.66330901281744,29.86718314954031,6.0,7,9.0,1975,0.049637257,B,B,34,7759,0,229.0,1,3,B
15732,56,2.0,61.61873822558833,34.4767496026782,10.0,13,17.0,1986,0.0,B,B,23,5067,4,,2,6,B
7924,79,2.0,59.10899824460973,31.05475299284512,13.0,2,25.0,2014,0.307466659,B,A,30,5048,9,325.0,2,5,B
7976,23,2.0,64.40535431930748,,1.0,16,25.0,1977,0.075778755,B,B,6,1437,3,,0,2,B
130,46,1.0,39.20820825265636,,1.0,18,1.0,1977,0.0,B,B,47,11319,0,1145.0,3,5,B
13674,14,2.0,47.50625975196685,29.536417022432826,5.0,2,5.0,1961,0.042031587,B,B,37,6856,84,1940.0,2,5,B
13195,6,3.0,80.52275360551849,,1.0,15,17.0,1977,0.243204519,B,B,5,1564,0,540.0,0,0,B
9420,3,2.0,46.87893593440925,32.375609860193784,6.0,9,9.0,1976,0.050900058,B,B,43,10621,1,30.0,2,3,B
2111,12,1.0,38.7406118909708,23.71968946938748,8.0,8,12.0,1996,0.090799103,B,B,74,19083,2,,5,15,B
8919,25,2.0,59.4260703131239,,1.0,22,24.0,1977,0.069753361,B,B,53,13670,4,,1,11,B
12800,27,2.0,54.80488330709369,32.30647626697637,9.0,8,17.0,2003,0.041116354,B,B,53,14892,4,,1,4,B
8931,9,3.0,88.90062789819622,51.15029133990633,10.0,9,13.0,2016,0.161531741,B,B,25,5648,1,30.0,2,4,B
5529,5,3.0,104.95680645684295,103.02163388055138,1.0,10,25.0,2015,0.150817539,B,B,16,3433,4,2643.0,4,5,B
14626,30,1.0,36.09125645562866,20.80528969405782,8.0,7,16.0,2010,7.81528e-05,B,B,22,6398,141,1046.0,3,23,B
15079,23,2.0,62.523478355446,,1.0,15,17.0,1977,0.075778755,B,B,6,1437,3,,0,2,B
9126,23,3.0,71.29153616189211,,0.0,4,5.0,1977,0.034656082,B,B,0,168,0,,0,0,B
6491,6,3.0,80.52416501091461,40.70104008260464,1.0,6,1.0,2016,0.243204519,B,B,5,1564,0,540.0,0,0,B
11908,101,2.0,42.884858508302095,24.81938440195423,7.0,10,12.0,1966,0.225824954,A,B,41,6558,7,1548.0,3,2,B
4712,57,2.0,40.17900924665097,24.8052397589232,6.0,4,9.0,1968,0.407276235,A,B,9,1768,0,370.0,0,0,A
4830,23,2.0,60.67541802034916,60.565770035445134,1.0,5,25.0,1977,0.075778755,B,B,6,1437,3,,0,2,B
3053,13,2.0,60.13069105329036,36.15545735005247,10.0,10,14.0,1998,0.090799103,B,B,74,19083,2,,5,15,B
15707,73,2.0,48.304146453118754,27.61691588018336,5.0,4,5.0,1965,0.042031587,B,B,37,6856,84,1940.0,2,5,B
4474,21,2.0,42.62640343799149,29.906751217686057,5.0,5,5.0,1968,0.394094211,B,B,3,662,0,35.0,0,0,B
14301,31,2.0,43.13695939717929,30.37665976038993,5.0,5,5.0,1970,0.151346216,B,A,32,5889,10,830.0,4,1,B
3279,111,2.0,50.975325180138114,29.590868743344565,8.0,11,12.0,1984,0.093442564,B,B,23,4635,5,3300.0,2,4,B
1366,130,2.0,37.39921886227778,21.7849037057722,6.0,2,9.0,1968,0.21843974,B,B,21,4472,6,1450.0,4,7,A
1420,45,1.0,1.975768900526328,2.900371373633163,1.0,1,1.0,1977,0.195781053,B,B,23,5212,6,,3,2,B
7947,138,1.0,33.63414580341874,21.35605060781923,4.0,8,8.0,1964,0.313924552,B,B,22,4625,11,3855.0,2,10,B
11285,41,3.0,82.45766525753791,47.59359200242936,10.0,13,22.0,2012,0.175054867,B,B,36,10055,3,,1,0,B
5603,169,2.0,55.21415066512044,29.36257853758638,8.0,9,12.0,1988,0.178916796,B,B,18,3594,4,192.0,1,5,B
15260,118,1.0,36.13807008404357,20.5239780878322,6.0,3,5.0,1959,0.21843974,B,B,21,4472,6,1450.0,4,7,A
1565,52,1.0,38.92815373297433,20.33759796299029,8.0,4,17.0,1994,0.371148999,B,B,34,7065,1,750.0,2,5,B
12233,27,2.0,62.71430665431565,,12.0,8,17.0,1977,0.017647053,B,B,2,469,0,,0,0,B
6147,27,1.0,55.7393240997248,,0.0,4,0.0,1977,0.072157581,B,B,2,629,1,,0,0,A
14685,6,1.0,41.10120381868301,,0.0,12,17.0,1977,0.243204519,B,B,5,1564,0,540.0,0,0,B
3649,58,2.0,56.21556145769488,29.981939113178186,8.0,1,14.0,1973,0.1489038909999999,B,B,9,1952,1,1430.0,3,2,B
9476,12,1.0,45.24441330923265,24.299943728012533,8.0,11,12.0,1998,0.090799103,B,B,74,19083,2,,5,15,B
6393,8,1.0,41.49650853339136,21.66420918533763,7.0,4,17.0,2009,0.43788524,B,B,23,5735,3,1084.0,0,5,B
16013,83,3.0,64.50884986749395,48.81524511108652,6.0,5,12.0,1974,0.0077202819999999,B,B,38,4788,2,,0,4,B
6941,27,1.0,30.88257678426641,,0.0,6,19.0,1977,0.211401214,B,B,9,1892,0,,0,1,B
7639,27,1.0,38.756506999921264,,1.0,7,1.0,1977,0.211401214,B,B,9,1892,0,,0,1,B
13475,1,1.0,45.71884576044573,47.99655778050082,0.0,18,24.0,1977,0.007122317,B,B,1,264,0,,0,1,B
10567,78,3.0,60.39813678550853,40.00252293138361,6.0,8,9.0,1973,0.219006007,B,B,28,6746,3,,1,4,B
14252,142,3.0,60.73491220876869,47.14989471541135,5.0,9,9.0,1968,0.051942062,B,B,17,4017,7,800.0,2,0,B
14506,58,2.0,65.66502548393277,64.30984311018354,1.0,4,3.0,1977,0.43788524,B,B,23,5735,3,1084.0,0,5,B
14653,47,2.0,58.91636778328034,35.229998403400906,8.0,14,17.0,2007,0.101872465,B,B,23,4583,3,,3,3,B
7896,83,1.0,41.79904799574665,22.234122980074314,8.0,7,14.0,1985,0.0077202819999999,B,B,38,4788,2,,0,4,B
11742,2,2.0,50.60738502436462,32.947971069938504,6.0,2,12.0,1971,0.309479124,B,B,35,7715,4,990.0,0,6,B
13285,9,2.0,61.99442161414454,38.9202534582369,10.0,3,17.0,1995,0.161531741,B,B,25,5648,1,30.0,2,4,B
5002,1,3.0,82.62484278939883,4.379317432773815,1.0,5,17.0,2016,0.007122317,B,B,1,264,0,,0,1,B
5691,28,2.0,45.5023293731774,30.8852471682987,5.0,5,5.0,1968,0.118537385,B,B,30,6207,1,1183.0,1,0,B
12346,187,3.0,82.22281330751056,49.75181738037004,8.0,2,7.0,1997,0.041116354,B,B,53,14892,4,,1,4,B
3238,13,1.0,38.70694320605964,20.38525122390129,10.0,17,22.0,1996,0.090799103,B,B,74,19083,2,,5,15,B
11657,87,3.0,65.75474956064608,48.44900249639893,6.0,12,12.0,1980,0.100455735,B,B,43,7227,0,,1,6,A
13229,88,1.0,37.6175118205191,19.766226343775102,6.0,4,9.0,1973,0.127375905,B,B,43,8429,3,,3,9,B
14907,130,4.0,116.56493261709936,75.04516224181378,10.0,5,9.0,1960,0.21843974,B,B,21,4472,6,1450.0,4,7,A
16502,69,3.0,126.12112341939944,69.58889280809754,15.0,16,16.0,2011,0.000991363,B,B,33,6783,3,,1,9,B
13289,1,1.0,42.54116814557532,,1.0,14,17.0,1977,0.007122317,B,B,1,264,0,,0,1,B
11524,1,2.0,72.30222868518383,71.7678053632436,1.0,8,7.0,2015,0.007122317,B,B,1,264,0,,0,1,B
6642,1,2.0,56.89047833586052,,1.0,12,17.0,1977,0.007122317,B,B,1,264,0,,0,1,B
16716,6,1.0,38.51580428140892,37.22548122463133,7.0,2,17.0,2018,0.243204519,B,B,5,1564,0,540.0,0,0,B
7808,8,1.0,30.53997286082909,14.90298417418228,5.0,1,5.0,1967,0.458174486,B,A,26,4439,1,1130.0,1,5,B
1860,129,1.0,35.85425786368333,21.93062274839836,9.0,8,16.0,1982,0.051942062,B,B,17,4017,7,800.0,2,0,B
16012,23,1.0,37.41819826860562,,0.0,5,7.0,1977,0.034656082,B,B,0,168,0,,0,0,B
8539,23,2.0,64.74451338458447,,1.0,17,17.0,1977,0.075778755,B,B,6,1437,3,,0,2,B
9438,5,1.0,34.34285683178473,21.832747872041928,5.0,5,5.0,1962,0.150817539,B,B,16,3433,4,2643.0,4,5,B
4834,0,2.0,45.82355644261703,27.46257400582156,8.0,5,5.0,1938,0.319809354,B,B,25,4756,16,2857.0,5,8,B
15184,62,1.0,47.9591417707035,,0.0,9,15.0,1977,0.072157581,B,B,2,629,1,,0,0,A
5868,30,2.0,69.4834656139402,,1.0,2,1.0,1977,7.81528e-05,B,B,22,6398,141,1046.0,3,23,B
6031,45,1.0,40.49560464420615,20.5429649744386,9.0,14,14.0,1971,0.014423114,B,B,19,3806,4,,0,3,B
10264,27,1.0,37.12417636141564,40.03536401799649,1.0,3,19.0,1977,0.211401214,B,B,9,1892,0,,0,1,B
9313,138,1.0,31.08673891350392,21.031544964660927,5.0,4,5.0,1966,0.014423114,B,B,19,3806,4,,0,3,B
5090,1,1.0,39.17688846100205,18.504295434755612,1.0,1,17.0,1994,0.025609157,B,B,33,5261,0,240.0,3,1,B
15682,32,2.0,52.514735766145314,33.80702562498578,6.0,9,9.0,1977,0.135649789,B,B,46,7960,6,350.0,3,11,B
9710,27,2.0,58.8862923858058,60.727617034969775,0.0,13,0.0,1977,0.211401214,B,B,9,1892,0,,0,1,B
16704,111,4.0,95.03303235560604,68.38822103299889,8.0,4,9.0,1974,0.135649789,B,B,46,7960,6,350.0,3,11,B
4033,27,1.0,51.94232335373476,,0.0,12,0.0,1977,0.072157581,B,B,2,629,1,,0,0,A
2580,22,2.0,52.61955926718892,,1.0,4,17.0,1977,0.118537385,B,B,30,6207,1,1183.0,1,0,B
4677,9,2.0,63.09718783924168,,1.0,12,18.0,1977,0.161531741,B,B,25,5648,1,30.0,2,4,B
2179,45,2.0,44.70570284141712,30.631689018304414,5.0,7,5.0,1965,0.195781053,B,B,23,5212,6,,3,2,B
1542,31,3.0,56.47949652085394,38.1675114811581,6.0,2,9.0,1970,0.151346216,B,A,32,5889,10,830.0,4,1,B
4573,21,1.0,32.69567503897922,19.706859075918008,6.0,2,4.0,1963,0.194489265,B,B,47,8004,3,125.0,3,5,B
16036,23,2.0,63.35660436179922,,1.0,17,17.0,1977,0.075778755,B,B,6,1437,3,,0,2,B
16721,23,2.0,53.71487366849416,55.18427718462328,0.0,3,1.0,1977,0.005767451,B,B,1,388,0,,0,0,B
8805,79,3.0,61.27841802930021,46.15768969271174,6.0,9,9.0,1968,0.050755569,B,B,24,5469,1,145.0,0,1,B
11378,23,2.0,59.38049692971982,,1.0,10,17.0,1977,0.075778755,B,B,6,1437,3,,0,2,B
859,144,4.0,100.9904278876644,72.31745784247971,9.0,2,5.0,1960,0.306977489,B,B,27,5148,14,1575.0,5,7,B
11375,130,1.0,40.82858950829207,20.717105960720488,8.0,3,9.0,1964,0.341071945,B,B,27,5664,48,2300.0,3,11,B
15855,78,3.0,82.03371737531909,45.671652064716405,12.0,19,17.0,2017,0.092290642,B,B,21,4346,2,165.0,1,2,B
14758,1,1.0,41.435648249008686,39.19279499664541,1.0,3,17.0,1977,0.007122317,B,B,1,264,0,,0,1,B
16166,31,2.0,88.18601207698258,54.253581569612805,16.0,31,40.0,2012,0.151346216,B,A,32,5889,10,830.0,4,1,B
1685,52,1.0,37.42707572061365,,1.0,11,17.0,1977,0.371148999,B,B,34,7065,1,750.0,2,5,B
1324,27,3.0,79.74509231883306,,1.0,4,17.0,1977,0.011654127,B,B,4,915,0,,0,0,B
5906,109,1.0,33.85286195621289,21.12857910284489,6.0,4,9.0,1979,0.1363303,B,B,30,6141,10,262.0,3,6,B
13784,3,2.0,65.49135985518095,33.939059048168346,11.0,15,16.0,2005,0.050900058,B,B,43,10621,1,30.0,2,3,B
51,11,2.0,57.15373940846019,28.69388859427311,11.0,16,16.0,1980,0.0001696759999999,B,B,36,5992,0,,1,1,B
14701,1,1.0,40.96275296690171,42.93227345770707,0.0,11,22.0,1977,0.007122317,B,B,1,264,0,,0,1,B
5450,51,2.0,51.85133641053128,32.114051612620486,7.0,14,14.0,1956,0.015016892,B,B,17,3079,59,2890.0,0,8,B
796,27,3.0,102.1100516978485,104.52573261389166,10.0,13,17.0,2017,0.072157581,B,B,2,629,1,,0,0,A
2535,93,1.0,43.05703335444503,23.04479043030352,8.0,14,17.0,2010,0.041116354,B,B,53,14892,4,,1,4,B
4106,57,1.0,31.782864972996755,20.357876844305864,5.0,5,5.0,1961,0.133215333,B,B,49,11395,3,1406.0,3,4,A
9477,27,1.0,36.61937467826312,,8.0,16,25.0,2017,0.072157581,B,B,2,629,1,,0,0,A
9750,134,2.0,77.03057926969667,42.66732232335127,12.0,5,7.0,1961,0.015016892,B,B,17,3079,59,2890.0,0,8,B
7303,109,1.0,34.6554168521149,20.430824143388516,5.0,5,5.0,1962,0.1363303,B,B,30,6141,10,262.0,3,6,B
7076,27,2.0,76.73464350633769,,1.0,3,1.0,1977,0.072157581,B,B,2,629,1,,0,0,A
13133,61,3.0,64.6180322495841,47.29265345306051,6.0,7,9.0,1969,0.298204575,B,B,16,4048,3,,1,3,B
3607,94,2.0,41.74844775289928,21.26851129263242,8.0,12,12.0,1981,0.127375905,B,B,43,8429,3,,3,9,B
13543,167,3.0,80.22072039829618,51.68709687016006,7.0,5,5.0,1959,0.050272014,B,B,21,4231,14,1020.0,0,3,B
14811,58,1.0,41.05789525897194,,1.0,17,17.0,1977,0.43788524,B,B,23,5735,3,1084.0,0,5,B
6553,34,5.0,122.37527320536724,0.3334899423857579,0.0,9,0.0,1977,0.069753361,B,B,53,13670,4,,1,11,B
2071,101,2.0,48.57679567393848,29.437942850358485,5.0,5,5.0,1968,0.225824954,A,B,41,6558,7,1548.0,3,2,B
7149,110,2.0,54.32322742420549,30.820599882614623,7.0,11,14.0,1994,0.033493708,B,B,66,10573,1,1322.0,3,8,B
13607,62,3.0,83.00387547741258,,0.0,12,0.0,1977,0.072157581,B,B,2,629,1,,0,0,A
12036,89,3.0,62.21838280733422,44.645507741456,6.0,5,9.0,1973,0.1363303,B,B,30,6141,10,262.0,3,6,B
2033,129,2.0,42.184795138009655,24.82081322609951,7.0,3,12.0,1967,0.460556389,B,B,20,4386,14,,1,5,B
13473,96,3.0,79.58149352717886,47.4555801099418,10.0,11,22.0,1997,0.041116354,B,B,53,14892,4,,1,4,B
13943,1,2.0,51.92715894907544,53.58591513857096,10.0,5,17.0,2018,0.007122317,B,B,1,264,0,,0,1,B
15264,53,2.0,44.222793432780215,29.153547074364543,5.0,1,9.0,1976,0.313924552,B,B,22,4625,11,3855.0,2,10,B
8324,144,3.0,58.60658596088757,47.25172081723557,5.0,4,5.0,1962,0.306977489,B,B,27,5148,14,1575.0,5,7,B
6621,70,2.0,46.814579160441134,30.380735232537,5.0,5,9.0,1977,0.002211665,B,B,39,7614,3,,1,5,A
7675,47,2.0,47.09561396179439,31.202991963747028,8.0,10,12.0,1970,0.298204575,B,B,16,4048,3,,1,3,B
4058,27,6.0,223.453688810856,104.11355236935852,16.0,2,2.0,2017,0.041116354,B,B,53,14892,4,,1,4,B
11492,129,2.0,45.4939952554144,30.82849292692693,7.0,6,8.0,1963,0.020741326,B,B,24,5613,5,1340.0,2,5,B
12901,9,1.0,45.56589005792058,18.13823062534218,8.0,11,14.0,1991,0.136244425,B,B,11,2370,0,,0,1,B
14683,10,2.0,52.70677397950531,34.38709122845507,8.0,6,17.0,1989,0.089039719,B,B,33,7976,5,,0,11,B
7413,23,1.0,33.515002213414235,18.55102432265988,6.0,5,5.0,2007,0.059456227,B,B,1,362,0,,0,0,B
6293,90,2.0,46.41624375131536,32.73083579903852,5.0,5,5.0,1965,0.265088676,B,B,37,5288,0,1937.0,3,2,B
6070,88,1.0,35.11884486509353,23.02963223605403,5.0,6,9.0,1975,0.127375905,B,B,43,8429,3,,3,9,B
1203,58,3.0,87.81555869297081,83.19448302644254,0.0,9,7.0,1977,0.43788524,B,B,23,5735,3,1084.0,0,5,B
10681,44,1.0,37.23942482095293,22.94491562311553,9.0,2,12.0,1972,0.122190486,B,B,25,4724,2,1308.0,1,3,B
8911,52,2.0,66.50924798994932,,1.0,19,17.0,1977,0.371148999,B,B,34,7065,1,750.0,2,5,B
6254,2,2.0,36.94694912065504,22.087825407678658,5.0,8,9.0,1981,0.0,B,B,33,7425,1,,2,5,B
12007,29,1.0,38.2003208965624,27.06610638653759,5.0,5,5.0,1967,0.069660344,B,B,31,6119,4,,1,2,B
3164,48,3.0,61.45009129290267,38.93004492410186,8.0,8,12.0,1982,0.041124634,B,B,46,9515,5,,1,10,B
11972,27,2.0,65.66091478699704,60.67694868236322,7.0,3,1.0,2017,0.017647053,B,B,2,469,0,,0,0,B
11761,6,3.0,81.70956719688513,,1.0,9,17.0,1977,0.243204519,B,B,5,1564,0,540.0,0,0,B
12703,77,3.0,66.47306462952248,39.39613362293408,8.0,11,12.0,1980,6.99893e-05,B,B,46,10309,1,240.0,1,16,B
13672,6,2.0,60.85498628715335,,0.0,4,0.0,1977,0.243204519,B,B,5,1564,0,540.0,0,0,B
13572,30,2.0,63.73875024628544,49.44228838387225,10.0,3,15.0,2014,7.81528e-05,B,B,22,6398,141,1046.0,3,23,B
4302,23,2.0,59.28841480323838,,1.0,4,17.0,1977,0.075778755,B,B,6,1437,3,,0,2,B
13444,34,3.0,81.85280193327549,48.10253706587515,10.0,4,17.0,1999,0.069753361,B,B,53,13670,4,,1,11,B
7522,113,3.0,73.52515505729261,48.54916868062188,10.0,19,17.0,1977,0.050755569,B,B,24,5469,1,145.0,0,1,B
10883,13,1.0,42.592713111135055,25.258484462503905,8.0,3,9.0,2002,0.090799103,B,B,74,19083,2,,5,15,B
14101,99,2.0,49.56519547139551,30.29923127447145,5.0,5,9.0,1972,0.033493708,B,B,66,10573,1,1322.0,3,8,B
12876,27,2.0,54.49107181674717,33.587619525656585,9.0,5,17.0,2012,0.011654127,B,B,4,915,0,,0,0,B
5555,31,3.0,81.1830002856563,48.77032088385182,10.0,13,16.0,1977,0.151346216,B,A,32,5889,10,830.0,4,1,B
10373,1,1.0,38.89771635355892,38.79296579690328,1.0,7,17.0,2018,0.007122317,B,B,1,264,0,,0,1,B
11906,196,2.0,66.28446815336552,5.8960241377514615,1.0,22,24.0,1977,0.0,B,B,30,7538,87,4702.0,5,5,B
16398,100,1.0,55.51694428600491,24.57291714145736,14.0,19,22.0,2012,0.200146802,B,B,23,3975,8,770.0,2,0,B
15397,7,4.0,90.87987851545547,56.65565568725043,11.0,4,14.0,1999,0.035145267,B,B,42,9292,3,2620.0,0,3,B
2773,94,3.0,62.85242048893136,42.387154626948046,6.0,6,9.0,1970,0.282797669,B,B,33,8667,2,,0,6,B
2127,85,2.0,69.12203317157766,5.212356307279322,1.0,10,17.0,1977,0.072157581,B,B,2,629,1,,0,0,A
6442,27,2.0,58.16510552935325,,1.0,6,19.0,2018,0.211401214,B,B,9,1892,0,,0,1,B
632,27,1.0,48.7603390908081,,1.0,7,17.0,1977,0.017647053,B,B,2,469,0,,0,0,B
5268,27,1.0,28.713676120580395,30.950944297890832,1.0,19,22.0,2016,0.211401214,B,B,9,1892,0,,0,1,B
14215,4,3.0,67.72730687474112,46.68810241363855,9.0,8,12.0,1968,7.81528e-05,B,B,22,6398,141,1046.0,3,23,B
487,52,2.0,55.35756440221504,,1.0,18,17.0,1977,0.371148999,B,B,34,7065,1,750.0,2,5,B
9867,61,2.0,49.45470477600306,27.34666443789824,6.0,7,9.0,1976,0.300322518,B,B,52,10311,6,,1,9,B
1358,78,2.0,54.209252192323206,31.16195538229313,8.0,6,0.0,1998,0.092290642,B,B,21,4346,2,165.0,1,2,B
3744,62,3.0,83.3345401554866,,0.0,6,0.0,1977,0.072157581,B,B,2,629,1,,0,0,A
4897,46,1.0,36.85880307258903,19.47901151437639,6.0,7,9.0,1969,0.0,B,B,47,11319,0,1145.0,3,5,B
14297,13,2.0,59.10279460822164,31.566829258193952,11.0,11,14.0,2003,0.090799103,B,B,74,19083,2,,5,15,B
4413,128,1.0,39.86729620826453,23.89162357264414,8.0,4,9.0,1991,0.0,B,B,27,4798,0,30.0,2,8,B
9879,62,3.0,66.41272323717294,48.97465096535857,8.0,5,16.0,1981,0.002211665,B,B,39,7614,3,,1,5,A
8995,28,2.0,55.98941167215157,29.41056658606215,11.0,2,16.0,1990,0.118537385,B,B,30,6207,1,1183.0,1,0,B
4027,135,1.0,40.06188907244746,27.89556376621859,6.0,10,9.0,1973,0.007658515,B,B,35,7077,56,2301.0,3,19,B
14160,74,1.0,50.250990075146895,,0.0,5,0.0,1977,0.309479124,B,B,35,7715,4,990.0,0,6,B
7742,55,2.0,54.75165696064707,33.426666924130146,8.0,3,14.0,1996,0.041365446,B,B,31,5569,0,,1,4,B
10950,42,2.0,55.89831490068351,31.37936501394752,9.0,12,14.0,2007,0.158249043,B,B,21,5731,0,,1,0,B
13564,1,2.0,68.85967846666267,,1.0,5,9.0,1977,0.007122317,B,B,1,264,0,,0,1,B
15028,27,2.0,42.40873386310217,44.43031419727217,1.0,9,1.0,2016,0.072157581,B,B,2,629,1,,0,0,A
1481,23,1.0,31.167933345181524,30.527056422874946,0.0,11,9.0,2015,0.034656082,B,B,0,168,0,,0,0,B
12704,85,2.0,66.9992600304534,35.78203872462471,10.0,15,22.0,1986,0.037177818,B,B,52,11217,1,2300.0,1,7,B
9888,45,2.0,60.50125959292068,60.88111910992416,10.0,24,24.0,2016,0.195781053,B,B,23,5212,6,,3,2,B
15200,101,4.0,101.4372323413303,72.9670852054457,8.0,4,5.0,1960,0.225824954,A,B,41,6558,7,1548.0,3,2,B
694,11,3.0,58.42188560121892,42.82161740301486,5.0,7,9.0,1969,0.0001696759999999,B,B,36,5992,0,,1,1,B
5893,30,2.0,62.28172980125069,,1.0,14,17.0,1977,7.81528e-05,B,B,22,6398,141,1046.0,3,23,B
13661,35,1.0,45.778758556743526,,1.0,11,17.0,1977,0.089039719,B,B,33,7976,5,,0,11,B
12920,23,1.0,39.61042601401912,38.18757082546683,1.0,6,18.0,2013,0.034656082,B,B,0,168,0,,0,0,B
5755,180,2.0,68.4487828980041,44.54843349938272,7.0,8,7.0,1929,0.037316452,B,B,32,6748,93,562.0,4,10,B
14329,37,2.0,60.65100869429421,44.72805650305296,10.0,14,22.0,2016,0.178916796,B,B,18,3594,4,192.0,1,5,B
2909,23,1.0,32.96951997827669,,1.0,4,6.0,1977,0.034656082,B,B,0,168,0,,0,0,B
11704,4,2.0,55.94133754638765,35.136442992474535,8.0,3,9.0,1962,0.327018035,B,B,12,2270,23,2500.0,1,0,B
9571,124,2.0,49.97217545959135,29.37315855026452,5.0,8,14.0,1976,0.16909109,B,B,19,3856,10,,2,5,B
8295,32,2.0,45.642627011496536,29.67343481455929,6.0,4,5.0,1971,0.135649789,B,B,46,7960,6,350.0,3,11,B
683,23,2.0,55.4192436180326,,0.0,2,0.0,1977,0.034656082,B,B,0,168,0,,0,0,B
